pair_id,finding_a,loc_a,finding_b,loc_b,label,notes
code-0007-d1~neg~code-0007-d2,"For even numbers the sequence halves by dividing by 3 (`n //= 3`) instead of by 2, breaking the Collatz rule for even n.",src/collatz.py:17,"For odd numbers the step is `3 * n - 1` instead of `3 * n + 1`, using the wrong Collatz update for odd n.",src/collatz.py:19,different,
code-0002-d1~neg~code-0002-d4,"The input guard is `n < 0`, so `n == 0` is accepted despite the raised message ('n must be at least 1') and docstring requiring n >= 1; the correct guard is `n < 1`.",src/partition.py:16,"The remainder is distributed with `i >= r` instead of `i <= r`, so the extra elements are added to the later parts rather than the earlier ones.",src/partition.py:32,different,
code-0015-d2~pos~1-3,"`range(1, len(collection) - 1)` should be `range(1, len(collection))`; the last element is skipped.",src/insort.py:12,Off-by-one in the outer range drops the last insertion.,src/insort.py:12,same,
spec-0001-d3~neg~spec-0001-d4,The /refund route's backend `refunds-core` is not defined under `services` (only payments-core and ledger exist).,routes[1].backend:26,"tls.enabled is false while environment is production, violating the constraint that TLS must be enabled in production.",tls.enabled:29,different,
paper-0009-d2~pos~0-3,"The US ~400 billion tonnes is called 'almost one-half' of the ~1,600 billion tonne historical total, but 400 / 1,600 is one-quarter, not one-half.",Who is responsible:8-9,"400 billion is one-quarter of 1,600 billion, not one-half.",Who is responsible:8-9,same,
paper-0014-d1~neg~paper-0014-d2,"The renewable share of primary energy is given as 'one-seventh — roughly 34%', but one-seventh is about 14%, not 34%.",A small but growing share:4,"The share without renewables is given as 'the remaining two-sevenths', but if one-seventh is renewable the remainder must be six-sevenths, not two-sevenths.",A small but growing share:4-5,different,
spec-0015-d2~pos~0-1,"The proxy targets FLASK_SERVER_ADDR=flask-app:9000, but the flask-app service publishes port 8000, so the proxy points at the wrong port.",services.nginx-proxy.environment:8,"The proxy sends traffic to flask-app:9000, but flask-app is on port 8000.",services.nginx-proxy.environment:8,same,
spec-0018-d2~neg~spec-0018-d3,"The StatefulSet selector matchLabels is `app: web`, but its pod template labels are `app: nginx`; a StatefulSet's selector must match its template labels.",StatefulSet.spec.selector.matchLabels:24,"The container's volumeMount references volume `data`, but the StatefulSet's volumeClaimTemplate is named `www`; there is no volume `data`.",StatefulSet...containers.volumeMounts:37,different,
code-0014-d1~pos~1-2,"`divmod(decimal, 8)` should use 16; hexadecimal is base 16.",src/dec2hex.py:26,"Dividing by 8 produces octal-style digits, not hex.",src/dec2hex.py:26,same,
spec-0012-d2~neg~spec-0012-d3,"The container's volumeMount references volume `pv-storage`, but the Pod defines the volume as `task-pv-storage`.",Pod.spec.containers.volumeMounts:32,"The Pod is in namespace `production`, but the PVC it claims is in namespace `default`; PVCs are namespace-scoped, so a Pod can only bind a PVC in its own namespace.",Pod.metadata.namespace:18,different,
code-0007-d1~neg~code-0007-d3,"For even numbers the sequence halves by dividing by 3 (`n //= 3`) instead of by 2, breaking the Collatz rule for even n.",src/collatz.py:17,"The input guard uses `n < 0`, so `n == 0` is accepted even though the sequence is only defined for positive integers (0 then loops forever).",src/collatz.py:12,different,
spec-0004-d2~pos~0-2,"backend.secrets references `app-secret`, which is not defined under the top-level `secrets` key (only `db-password` exists there).",services.backend.secrets:32,"Undefined secret: `app-secret` should be `db-password`, the only secret defined.",services.backend.secrets:32,same,
paper-0020-d2~neg~paper-0020-d3,"The top 1% is said to account for 'more than 60%' of spending, but the top 1% is a subset of the top 5%, which accounts for only about half — a subset cannot exceed the group that contains it.",A concentrated cost:11-12,"If the top 5% account for almost half of spending, the other 95% account for the remaining half, but the text says the other 95% account for 'just one-tenth'.",A concentrated cost:10-11,different,
spec-0007-d2~neg~spec-0007-d3,"DB_USER is `admin`, but the Postgres role created by the db service is `gitea` (POSTGRES_USER=gitea), so the login role does not exist.",services.gitea.environment:8,"DB_NAME is `giteadb`, but the database created by the db service is `gitea` (POSTGRES_DB=gitea), so Gitea targets a database that does not exist.",services.gitea.environment:7,different,
paper-0014-d3~pos~1-2,"One-third is about 33%, so 'about 60%' is wrong.",A small but growing share:6-7,The fraction (one-third) and the percentage (60%) disagree.,A small but growing share:6-7,same,
paper-0006-d2~neg~paper-0006-d3,"Hunger is described as having 'more than doubled' over the period, but the rate fell from 33% to 12% — it decreased, so it cannot have doubled.",A steep fall:7,"The 1970 rate is described as 'one-in-four ... about 33%', but one-in-four is 25%, not 33%.",A steep fall:4-5,different,
paper-0002-d1~neg~paper-0002-d2,"The deficit is said to have decreased by '$41 billion (or 6 percent)', but $41 billion is about 2 percent of the ~$1.8 trillion deficit, not 6 percent.",Overview:5,"Outlays are said to have grown by '$375 billion', which exceeds the '$317 billion' revenue increase, directly contradicting the following sentence ('the increase in outlays was smaller than the increase in revenues') and the stated deficit decrease.",Receipts and outlays:11,different,
spec-0001-d1~neg~spec-0001-d4,"replicas.min (5) is greater than replicas.max (3), violating the stated constraint min <= max.",replicas:11-12,"tls.enabled is false while environment is production, violating the constraint that TLS must be enabled in production.",tls.enabled:29,different,
code-0002-d3~neg~code-0002-d4,"The loop `for i in range(1, n)` iterates one time too few, producing n-1 parts instead of n (the docstring shows `divide(2, ...)` must yield two parts).",src/partition.py:30,"The remainder is distributed with `i >= r` instead of `i <= r`, so the extra elements are added to the later parts rather than the earlier ones.",src/partition.py:32,different,
paper-0004-d2~pos~0-1,"The text says ~90% of adults are literate yet 'one in five' (20%) remain illiterate; 90% + 20% exceeds 100%, so the literate and illiterate shares are inconsistent.",The long reversal:6,90% literate and 20% illiterate cannot both be true (they sum to 110%).,The long reversal:6,same,
paper-0020-d1~pos~2-3,"A tenfold rise from 1% would be 10% of GDP, not 2%.",The rise of public spending:5-6,The stated growth multiple is far too high for 1%-to-2%.,The rise of public spending:5-6,same,
code-0001-d1~neg~code-0001-d4,"The limit check in `allow` uses `>` instead of `>=`, so it admits one event beyond `max_events` per window.",src/window.py:16,"`from_config` passes constructor arguments in the wrong order, swapping `max_events` and `window_seconds`.",src/window.py:27,different,
paper-0001-d3~pos~2-3,Over-claim: one small test set does not license a universal generalization.,Discussion:22-23,The Discussion overreaches by asserting universal task generalization from a narrow evaluation.,Discussion:22-23,same,
paper-0017-d1~neg~paper-0017-d2,"The smoking share is given as 'one in four — roughly 45%', but one in four is 25%, not 45%.",How many smoke:4,"If more than one-third of men smoke, then fewer than two-thirds do not, but the text says 'fewer than one-quarter do not'.",The gender gap:7-8,different,
code-0001-d3~neg~code-0001-d4,"`cutoff` is computed with `+` instead of `-`, placing it in the future so every event is evicted and the limiter never throttles.",src/window.py:13,"`from_config` passes constructor arguments in the wrong order, swapping `max_events` and `window_seconds`.",src/window.py:27,different,
spec-0001-d1~pos~1-2,"The minimum replica count exceeds the maximum (5 > 3), which is invalid.",replicas:11-12,replicas.min and replicas.max are inverted; min should not be larger than max.,replicas:11-12,same,
code-0002-d1~pos~0-2,"The input guard is `n < 0`, so `n == 0` is accepted despite the raised message ('n must be at least 1') and docstring requiring n >= 1; the correct guard is `n < 1`.",src/partition.py:16,"The guard should be `n < 1`; as written, `divide(0, seq)` slips through instead of raising.",src/partition.py:16,same,
spec-0017-d1~pos~0-1,"The web proxy targets FLASK_SERVER_ADDR=backend:8080, but the backend serves on FLASK_SERVER_PORT=9091, so the proxy points at the wrong port.",services.web.environment:7,"The proxy sends traffic to backend:8080, but the backend listens on 9091.",services.web.environment:7,same,
spec-0005-d1~neg~spec-0005-d2,"grafana publishes host port 9090 (`9090:3000`), colliding with prometheus's host port 9090 (`9090:9090`); two services cannot bind the same host port.",services.grafana.ports:17,"The prometheus config directory is mounted at `/config`, but the command loads the config from `/etc/prometheus/prometheus.yml`, so the config file will not be found at the path the command expects.",services.prometheus.volumes:11,different,
spec-0010-d2~neg~spec-0010-d3,"The SECRET_USERNAME env var requests key `user`, but the Secret defines keys `username` and `password` — there is no `user` key.",Pod...SECRET_USERNAME.secretKeyRef:22,"The SECRET_PASSWORD env var requests key `passwd`, but the Secret defines the key as `password`.",Pod...SECRET_PASSWORD.secretKeyRef:27,different,
paper-0021-d1~pos~1-3,"450 divided by 2 is about 225, so it is a 200-fold, not 20-fold, increase.",A surge in production:4-5,The stated multiple is about ten times too small.,A surge in production:4-5,same,
code-0006-d3~pos~0-2,"The loop breaks when the remaining number is non-zero (`if number != 0`), so it stops after the first iteration; it should break once the number has been fully converted (`if number == 0`).",src/to_roman.py:34,"The break condition stops the conversion prematurely, as soon as any remainder remains.",src/to_roman.py:34,same,
paper-0019-d1~neg~paper-0019-d3,"The rise from ~80 to >350 million tonnes is called 'more than a tenfold increase', but 350 divided by 80 is about 4.4 — more than fourfold, not tenfold.",A steep climb:4-6,"With Asia up about 15-fold and Europe roughly doubled, Asia grew about seven times as fast as Europe, but the text says 'about three times as fast'.",What and where:11-12,different,
code-0007-d2~neg~code-0007-d3,"For odd numbers the step is `3 * n - 1` instead of `3 * n + 1`, using the wrong Collatz update for odd n.",src/collatz.py:19,"The input guard uses `n < 0`, so `n == 0` is accepted even though the sequence is only defined for positive integers (0 then loops forever).",src/collatz.py:12,different,
paper-0003-d1~neg~paper-0003-d2,"The decline is stated as 'more than 2.5 billion fewer', but the excerpt's own figures give 2.3 billion (1990) minus about 800 million (2025), i.e. roughly 1.5 billion fewer.",The long-run decline:8,"The text says two-thirds (66%) live on less than $5 a day while only half (52%) live on less than $10 a day, which is impossible: everyone below $5 is also below $10, so the $10 share cannot be smaller than the $5 share.",Higher poverty lines:12,different,
code-0011-d2~pos~0-3,"The recurrence subtracts (`fib[-1] - fib[-2]`) instead of adding, so it does not produce Fibonacci numbers.",src/fib.py:20,"The next term must be the sum, not the difference, of the last two.",src/fib.py:20,same,
spec-0015-d1~pos~0-2,"nginx-proxy.depends_on names service `flask`, but the application service is named `flask-app`; there is no service `flask`.",services.nginx-proxy.depends_on:12,"depends_on should reference `flask-app`, not `flask`.",services.nginx-proxy.depends_on:12,same,
spec-0008-d1~pos~1-3,"matchLabels (run: web) does not match the template labels (run: my-nginx), so the Deployment is invalid.",Deployment.spec.selector.matchLabels:8,Selector/template label mismatch inside the Deployment.,Deployment.spec.selector.matchLabels:8,same,
code-0006-d2~neg~code-0006-d3,"Each symbol is repeated `factor + 1` times instead of `factor`, appending one extra copy of every Roman symbol.",src/to_roman.py:33,"The loop breaks when the remaining number is non-zero (`if number != 0`), so it stops after the first iteration; it should break once the number has been fully converted (`if number == 0`).",src/to_roman.py:34,different,
paper-0018-d1~neg~paper-0018-d3,"The 1% with an alcohol use disorder is described as 'about one in ten', but 1% is one in a hundred, not one in ten.",A common disorder:4,"22.1 litres per year is said to work out to 'roughly 600 millilitres a day', but 22.1 litres over 365 days is about 60 millilitres a day.",A historical peak:12-13,different,
code-0017-d1~neg~code-0017-d3,The bit test `number % 2 == 0` counts the zero bits rather than the set (1) bits; it should be `== 1`.,src/popcount.py:18,"The shift `number >>= 2` consumes two bits per iteration instead of one, so half of the bits are never examined.",src/popcount.py:20,different,
spec-0016-d1~neg~spec-0016-d2,"logstash.depends_on names service `search`, but no such service is defined (the search engine service is named `elasticsearch`).",services.logstash.depends_on:33,"kibana.depends_on names service `store`, but no such service is defined (it should be `elasticsearch`).",services.kibana.depends_on:43,different,
paper-0006-d3~pos~2-3,The fraction and the percentage disagree: one-in-four is not about 33%.,A steep fall:4-5,One-in-four' should be 'one-in-three' to match the 33% figure.,A steep fall:4-5,same,
paper-0007-d3~pos~2-3,"The 'only' framing implies fewer deaths, but one in 5 exceeds one in 10.",Before modern medicine:11-12,One in 5 cannot be the lower rate when compared with every tenth mother.,Before modern medicine:11-12,same,
code-0013-d2~neg~code-0013-d3,"The base is doubled (`base += base`) instead of squared (`base *= base`), so the repeated-squaring step is wrong.",src/binexp.py:20,"The exponent is shifted right by 2 (`exponent >>= 2`) instead of 1, so it consumes two bits per iteration and skips half of them.",src/binexp.py:21,different,
code-0014-d1~neg~code-0014-d3,"The digits are extracted with `divmod(decimal, 8)` instead of `divmod(decimal, 16)`, so it converts to base 8 rather than hexadecimal.",src/dec2hex.py:26,"For negative inputs the value is multiplied by 1 (`decimal *= 1`) rather than -1, so it is never made positive and the while loop produces no digits.",src/dec2hex.py:24,different,
code-0004-d2~pos~2-3,"`median([1, 3, 5])` returns 1 instead of the documented 3 because the middle index is shifted down by one.",src/stats.py:21,The middle element for odd n is selected one slot too early.,src/stats.py:21,same,
paper-0009-d1~pos~0-2,"The rise from 6 to more than 20 billion tonnes is called 'almost doubled', but 20 is more than three times 6, not roughly double.",A steep climb:4-5,Almost doubled' understates the 6-to-20 increase (which is over 3x).,A steep climb:4-5,same,
paper-0008-d3~pos~1-3,"154 million over 50 years is roughly 8,000 a day, not 80,000.",The lives saved:10-11,"154,000,000 / (50 x 365) is around 8,400 per day, not 80,000.",The lives saved:10-11,same,
paper-0003-d1~pos~0-1,"The decline is stated as 'more than 2.5 billion fewer', but the excerpt's own figures give 2.3 billion (1990) minus about 800 million (2025), i.e. roughly 1.5 billion fewer.",The long-run decline:8,"2.3 billion in 1990 minus ~800 million in 2025 is about 1.5 billion, not 2.5 billion.",The long-run decline:8,same,
paper-0009-d2~pos~0-1,"The US ~400 billion tonnes is called 'almost one-half' of the ~1,600 billion tonne historical total, but 400 / 1,600 is one-quarter, not one-half.",Who is responsible:8-9,"400 out of 1,600 is a quarter, not a half.",Who is responsible:8-9,same,
paper-0017-d2~pos~1-2,"More than a third smoking leaves nearly two-thirds not smoking, not fewer than a quarter.",The gender gap:7-8,Fewer than one-quarter do not' would imply more than three-quarters smoke.,The gender gap:7-8,same,
spec-0011-d1~pos~0-3,"The backend expects POSTGRES_DB=appdb, but the db service creates the database `example` (POSTGRES_DB=example), so the app targets a database that does not exist.",services.backend.environment:7,Database name is inconsistent between the backend and the db service.,services.backend.environment:7,same,
paper-0014-d2~neg~paper-0014-d3,"The share without renewables is given as 'the remaining two-sevenths', but if one-seventh is renewable the remainder must be six-sevenths, not two-sevenths.",A small but growing share:4-5,"The renewable share of electricity is given as 'almost one-third, about 60%', but one-third is about 33%, not 60%.",A small but growing share:6-7,different,
paper-0003-d3~pos~0-1,The extreme-poverty threshold is given inconsistently: 'less than $2 a day' in one sentence but the 'International Poverty Line of $3 per day' in the next.,The long-run decline:7,The passage names the poverty line as both $2 a day and $3 per day.,The long-run decline:7,same,
spec-0011-d3~pos~1-3,db mounts a secret `db-secret` that is never declared in the top-level secrets.,services.db.secrets:14,Dangling secret reference in the db service (note POSTGRES_PASSWORD_FILE still points at db-password).,services.db.secrets:14,same,
spec-0010-d1~pos~0-2,"The SECRET_USERNAME env var's secretKeyRef names Secret `app-secret`, but the Secret defined in this manifest is named `test-secret`.",Pod...SECRET_USERNAME.secretKeyRef:21,"The referenced Secret name should be `test-secret`, not `app-secret`.",Pod...SECRET_USERNAME.secretKeyRef:21,same,
code-0001-d2~pos~0-2,"`utilization` divides by `self.max_events` with no guard, raising ZeroDivisionError when `max_events == 0`.",src/window.py:23,Missing zero check before the division in `utilization`.,src/window.py:23,same,
paper-0006-d3~pos~1-3,"One-in-four is 25%, which does not match the stated 33%.",A steep fall:4-5,One-in-four' should be 'one-in-three' to match the 33% figure.,A steep fall:4-5,same,
paper-0010-d1~neg~paper-0010-d3,"The safe-water share is given as 'almost three-quarters — around 64%', but three-quarters is 75%, not 64%.",The global picture:4,"The gap between >50 and <0.05 per 100,000 is called 'more than a millionfold', but 50 / 0.05 is about 1,000 — a thousandfold, not a millionfold.",Stark inequalities:10-11,different,
spec-0003-d3~pos~1-3,"The proxy depends on `api`, but no service `api` exists (it should be `backend`).",services.proxy.depends_on:39,Dangling dependency: proxy waits on a service `api` that the file never defines.,services.proxy.depends_on:39,same,
spec-0005-d1~pos~0-2,"grafana publishes host port 9090 (`9090:3000`), colliding with prometheus's host port 9090 (`9090:9090`); two services cannot bind the same host port.",services.grafana.ports:17,Port collision: grafana's `9090:3000` reuses host port 9090 already taken by prometheus.,services.grafana.ports:17,same,
spec-0017-d1~neg~spec-0017-d3,"The web proxy targets FLASK_SERVER_ADDR=backend:8080, but the backend serves on FLASK_SERVER_PORT=9091, so the proxy points at the wrong port.",services.web.environment:7,"backend.depends_on names service `db`, but the database service is named `mongo`; there is no service `db`.",services.backend.depends_on:23,different,
paper-0011-d1~neg~paper-0011-d2,"The share using safe sanitation is given as 'just over half — around 74%', but just over half is about 50%, not 74%.",The global picture:4,"The share without safe sanitation is given as 'nearly one in two, about 26%', but one in two is 50%, not 26%.",The global picture:5,different,
code-0018-d2~pos~1-3,`max_num = 0` should be `max_num = nums[0]`; 0 is not a valid starting maximum.,src/findmax.py:16,"find_max([-3,-2,-1]) would return 0 instead of -1.",src/findmax.py:16,same,
paper-0016-d1~neg~paper-0016-d2,"If more than a third of US adults were obese, then a bit under two-thirds were not, but the text says 'fewer than one-quarter were not' obese.",A growing share:4-5,"If over 60% of US adults were overweight or obese, then under 40% were at a healthy weight or below, but the text says 'over 40%'.",A growing share:5-6,different,
paper-0019-d3~pos~0-3,"With Asia up about 15-fold and Europe roughly doubled, Asia grew about seven times as fast as Europe, but the text says 'about three times as fast'.",What and where:11-12,"Dividing a 15-fold rise by a twofold rise gives about 7.5, not 3.",What and where:11-12,same,
paper-0006-d1~neg~paper-0006-d3,"The fall from 33% (1970) to 12% (2015) is called 'a decline of 31 percentage points', but 33 - 12 = 21 percentage points.",A steep fall:6,"The 1970 rate is described as 'one-in-four ... about 33%', but one-in-four is 25%, not 33%.",A steep fall:4-5,different,
code-0011-d2~neg~code-0011-d3,"The recurrence subtracts (`fib[-1] - fib[-2]`) instead of adding, so it does not produce Fibonacci numbers.",src/fib.py:20,"For n == 0 the function returns `[]`, but the first 0-indexed Fibonacci number is 0, so it should return `[0]`.",src/fib.py:17,different,
paper-0022-d1~pos~0-3,"Russia's over 800 million hectares is called 'about two-fifths of the global total', but 800 million is one-fifth of the world's roughly 4 billion hectares, not two-fifths.",Where the forests are:9-10,The stated share is double what the hectare figures imply.,Where the forests are:9-10,same,
spec-0006-d2~neg~spec-0006-d3,"WORDPRESS_DB_NAME is `wp`, but the database created by the db service is `wordpress` (MYSQL_DATABASE=wordpress), so WordPress targets a database that does not exist.",services.wordpress.environment:28,"WORDPRESS_DB_PASSWORD is `secret`, but the db user's password is `wordpress` (MYSQL_PASSWORD=wordpress), so authentication will fail.",services.wordpress.environment:27,different,
paper-0015-d1~neg~paper-0015-d3,"The ~36 million Great Leap Forward deaths are called 'more than two-thirds' of the century's ~100 million total, but 36 out of 100 is about a third, not more than two-thirds.",The scale of the toll:4-6,"Children are said to account for 'between one half and one-quarter' of famine deaths, but one-quarter is less than one half, so the range is stated backwards (the upper bound is below the lower bound).",Who dies:10-11,different,
paper-0012-d2~neg~paper-0012-d3,"In 1960 the rural population is said to be 'more than 60%', which leaves under 40% urban, but the text says 'over 40% in towns and cities'.",Crossing the halfway point:6-7,"The breakdown gives 45% cities, 35% towns, and 40% villages, which sums to 120% rather than 100%.",A finer breakdown:10-11,different,
code-0008-d2~pos~1-2,`res += n // 10` should be `res += n % 10`; it accumulates the wrong quantity.,src/digits.py:19,"The last digit is obtained with `% 10`, not `// 10`.",src/digits.py:19,same,
spec-0004-d2~pos~0-1,"backend.secrets references `app-secret`, which is not defined under the top-level `secrets` key (only `db-password` exists there).",services.backend.secrets:32,The backend mounts a secret `app-secret` that is never declared in the top-level secrets section.,services.backend.secrets:32,same,
paper-0016-d1~pos~0-1,"If more than a third of US adults were obese, then a bit under two-thirds were not, but the text says 'fewer than one-quarter were not' obese.",A growing share:4-5,"More than a third obese implies almost two-thirds not obese, not fewer than a quarter.",A growing share:4-5,same,
code-0006-d2~pos~0-1,"Each symbol is repeated `factor + 1` times instead of `factor`, appending one extra copy of every Roman symbol.",src/to_roman.py:33,`roman * (factor + 1)` should be `roman * factor`; it adds an extra symbol each step.,src/to_roman.py:33,same,
paper-0002-d2~pos~0-3,"Outlays are said to have grown by '$375 billion', which exceeds the '$317 billion' revenue increase, directly contradicting the following sentence ('the increase in outlays was smaller than the increase in revenues') and the stated deficit decrease.",Receipts and outlays:11,The outlay-growth figure contradicts both the 'smaller than revenues' statement and the reported deficit decline (the real value is $275 billion).,Receipts and outlays:11,same,
code-0013-d2~pos~0-2,"The base is doubled (`base += base`) instead of squared (`base *= base`), so the repeated-squaring step is wrong.",src/binexp.py:20,Adding the base to itself doubles it rather than squaring it.,src/binexp.py:20,same,
code-0001-d1~neg~code-0001-d2,"The limit check in `allow` uses `>` instead of `>=`, so it admits one event beyond `max_events` per window.",src/window.py:16,"`utilization` divides by `self.max_events` with no guard, raising ZeroDivisionError when `max_events == 0`.",src/window.py:23,different,
code-0019-d2~neg~code-0019-d3,"The swap `lst[i - 1], lst[i] = lst[i - 1], lst[i]` assigns each element to itself, so it never actually exchanges the out-of-order pair.",src/gnome.py:19,"The scan index starts at `0` instead of `1`, so the first comparison reads `lst[i - 1]` as `lst[-1]`, comparing the last element with the first.",src/gnome.py:14,different,
code-0002-d1~neg~code-0002-d3,"The input guard is `n < 0`, so `n == 0` is accepted despite the raised message ('n must be at least 1') and docstring requiring n >= 1; the correct guard is `n < 1`.",src/partition.py:16,"The loop `for i in range(1, n)` iterates one time too few, producing n-1 parts instead of n (the docstring shows `divide(2, ...)` must yield two parts).",src/partition.py:30,different,
spec-0003-d1~pos~0-3,"backend.secrets references `db-secret`, which is not defined under the top-level `secrets` key (only `db-password` exists there).",services.backend.secrets:7,Dangling secret reference in the backend service.,services.backend.secrets:7,same,
spec-0005-d3~pos~1-2,The named volume `metrics_data` is referenced but never defined at the top level (only `prom_data` is).,services.prometheus.volumes:12,Undefined named volume: `metrics_data` should be `prom_data`.,services.prometheus.volumes:12,same,
paper-0008-d1~pos~1-3,"One in five is 20%, so 'around 40%' is wrong.",Coverage today:5,The fraction (one in five) and the percentage (40%) disagree.,Coverage today:5,same,
code-0018-d3~pos~2-3,A one-element list is rejected while an empty list slips through.,src/findmax.py:14,find_max([5]) raises instead of returning 5.,src/findmax.py:14,same,
paper-0003-d1~neg~paper-0003-d3,"The decline is stated as 'more than 2.5 billion fewer', but the excerpt's own figures give 2.3 billion (1990) minus about 800 million (2025), i.e. roughly 1.5 billion fewer.",The long-run decline:8,The extreme-poverty threshold is given inconsistently: 'less than $2 a day' in one sentence but the 'International Poverty Line of $3 per day' in the next.,The long-run decline:7,different,
code-0003-d1~neg~code-0003-d2,"The midpoint comparison uses `x <= a[mid]`; a rightmost insertion point (per the docstring) requires `x < a[mid]`, so equal keys are routed into the left subrange rather than the right (bisect_left instead of bisect_right).",src/search.py:22,"The initial upper bound is `len(a) - 1`, so the last element (index len(a)-1) is excluded from the searched range; the default should be `len(a)`.",src/search.py:19,different,
code-0003-d2~neg~code-0003-d3,"The initial upper bound is `len(a) - 1`, so the last element (index len(a)-1) is excluded from the searched range; the default should be `len(a)`.",src/search.py:19,"The else branch sets `lo = mid` instead of `lo = mid + 1`, so when `x` belongs to the right half the loop cannot make progress and never terminates.",src/search.py:25,different,
spec-0009-d3~pos~0-1,"The Pod is in namespace `production`, but the ConfigMap it references is in namespace `default`; ConfigMaps are namespace-scoped, so the reference cannot resolve across namespaces.",Pod.metadata.namespace:14,The Pod (namespace production) cannot reference a ConfigMap in namespace default.,Pod.metadata.namespace:14,same,
code-0016-d2~neg~code-0016-d3,"The inner scan `range(i + 1, length - 1)` stops one element early, so the last element is never considered when searching for the minimum.",src/selsort.py:15,"The minimum index is initialised to `0` instead of the current position `i`, so for later passes it can select an already-sorted element and swap it into place, corrupting the result.",src/selsort.py:14,different,
spec-0009-d3~pos~1-2,The Pod (namespace production) cannot reference a ConfigMap in namespace default.,Pod.metadata.namespace:14,Namespace mismatch: the ConfigMap is in `default` but the Pod is in `production`.,Pod.metadata.namespace:14,same,
paper-0014-d1~pos~0-1,"The renewable share of primary energy is given as 'one-seventh — roughly 34%', but one-seventh is about 14%, not 34%.",A small but growing share:4,"One-seventh is roughly 14%, so 'roughly 34%' does not match.",A small but growing share:4,same,
code-0015-d2~neg~code-0015-d3,"The outer loop `range(1, len(collection) - 1)` stops before the last element, so the final element is never inserted and the list is left partially unsorted.",src/insort.py:12,"The shift `collection[insert_index] = collection[insert_index]` assigns the element to itself instead of copying the previous element down (`collection[insert_index - 1]`), so nothing is shifted and values are overwritten.",src/insort.py:15,different,
spec-0002-d2~neg~spec-0002-d3,"frontend.networks references `frontend-net`, which is not declared under the top-level `networks` key (only `public` and `private` exist).",services.frontend.networks:57,"frontend publishes host port 80 (`80:3000`), colliding with backend's host port 80 (`80:80`); two services cannot bind the same host port.",services.frontend.ports:52,different,
code-0008-d1~pos~0-2,"`abs(n)` is computed but its result is discarded (not assigned back to `n`), so negative inputs are never made positive and the loop returns 0 for them.",src/digits.py:16,Negative numbers are not normalized because the `abs(n)` result is not stored.,src/digits.py:16,same,
paper-0004-d3~pos~0-1,"It says more than 95% of youth have basic literacy, 'meaning fewer than 15% cannot read', but the complement of 95% is 5%, not 15%.",Recent progress:12,"If over 95% are literate, then under 5% cannot read, not under 15%.",Recent progress:12,same,
code-0014-d2~neg~code-0014-d3,"New digits are appended (`hexadecimal + values[remainder]`) instead of prepended (`values[remainder] + hexadecimal`), so the hex digits come out in reverse order.",src/dec2hex.py:27,"For negative inputs the value is multiplied by 1 (`decimal *= 1`) rather than -1, so it is never made positive and the while loop produces no digits.",src/dec2hex.py:24,different,
spec-0009-d2~neg~spec-0009-d3,"The configMapKeyRef requests key `SPECIAL_MODE`, but the ConfigMap only defines keys `SPECIAL_LEVEL` and `SPECIAL_TYPE`.",Pod.spec.containers.env.configMapKeyRef:25,"The Pod is in namespace `production`, but the ConfigMap it references is in namespace `default`; ConfigMaps are namespace-scoped, so the reference cannot resolve across namespaces.",Pod.metadata.namespace:14,different,
code-0009-d1~pos~1-3,"`range(1, number)` should be `range(1, number + 1)`; the last factor is dropped.",src/factorial.py:15,"The largest factor, `number` itself, is never multiplied in because the loop's upper bound stops one short.",src/factorial.py:15,same,
spec-0016-d1~pos~0-1,"logstash.depends_on names service `search`, but no such service is defined (the search engine service is named `elasticsearch`).",services.logstash.depends_on:33,"logstash depends on `search`, which is not a defined service (elasticsearch, logstash, kibana).",services.logstash.depends_on:33,same,
code-0014-d1~pos~1-3,"`divmod(decimal, 8)` should use 16; hexadecimal is base 16.",src/dec2hex.py:26,"The radix is wrong (8 instead of 16), so decimal_to_hexadecimal(255) is not '0xff'.",src/dec2hex.py:26,same,
paper-0010-d2~pos~0-3,"The share without safe water is given as 'one in four, roughly 46%', but one in four is 25%, not 46%.",The global picture:5,46% is far more than a quarter.,The global picture:5,same,
spec-0001-d3~pos~1-3,Route /refund points at an undefined service `refunds-core`.,routes[1].backend:26,Dangling backend reference: the /refund route names a service that does not exist.,routes[1].backend:26,same,
paper-0016-d1~pos~0-2,"If more than a third of US adults were obese, then a bit under two-thirds were not, but the text says 'fewer than one-quarter were not' obese.",A growing share:4-5,"Fewer than one-quarter not obese' would mean over three-quarters obese, contradicting 'more than a third'.",A growing share:4-5,same,
spec-0006-d3~pos~1-3,WORDPRESS_DB_PASSWORD (secret) does not match MYSQL_PASSWORD (wordpress).,services.wordpress.environment:27,"App and database passwords are inconsistent, so the DB login will be rejected.",services.wordpress.environment:27,same,
code-0018-d3~pos~1-3,`len(nums) == 1` should be `len(nums) == 0`; the guard is meant to catch empty input.,src/findmax.py:14,find_max([5]) raises instead of returning 5.,src/findmax.py:14,same,
paper-0016-d3~pos~2-3,The fraction (two-fifths) and the percentage (20%) disagree.,A global problem:9,"20% is one-fifth, not two-fifths.",A global problem:9,same,
spec-0013-d2~pos~1-2,The app password (secret) does not match the db password (nextcloud).,services.nc.environment:6,Nextcloud and the database are configured with different passwords.,services.nc.environment:6,same,
paper-0001-d2~neg~paper-0001-d4,"The text says our results 'corroborate' Chen et al. (2024), but Chen reported retrieval *reduced* accuracy while RAG-Sum shows retrieval *improves* it - so the results contradict, not corroborate, that finding.",Results:17-19,"Hyperparameters were tuned on the test set, a train/test leak that invalidates the reported test results.",Dataset and Training:12-13,different,
spec-0014-d1~pos~0-2,"frontend.depends_on names service `api`, but no such service is defined (the application service is named `backend`).",services.frontend.depends_on:16,"depends_on should reference `backend`, not `api`.",services.frontend.depends_on:16,same,
code-0017-d1~pos~1-3,"`== 0` should be `== 1`; the function must count 1-bits, not 0-bits.",src/popcount.py:18,count_set_bits(25) would not be 3 because it tallies zero bits.,src/popcount.py:18,same,
spec-0004-d1~neg~spec-0004-d3,"proxy.networks references `frontend`, which is not declared under the top-level `networks` key (only `backnet` and `frontnet` exist).",services.proxy.networks:49,"backend publishes host port 80 (`80:8000`), colliding with proxy's host port 80 (`80:80`); two services cannot bind the same host port.",services.backend.ports:34,different,
spec-0003-d1~neg~spec-0003-d3,"backend.secrets references `db-secret`, which is not defined under the top-level `secrets` key (only `db-password` exists there).",services.backend.secrets:7,"proxy.depends_on names service `api`, which is not defined (the application service is named `backend`).",services.proxy.depends_on:39,different,
paper-0001-d3~neg~paper-0001-d4,The Discussion claims RAG-Sum 'will generalize to any clinical documentation task' from a single 200-note test set - an unsupported over-generalization.,Discussion:22-23,"Hyperparameters were tuned on the test set, a train/test leak that invalidates the reported test results.",Dataset and Training:12-13,different,
spec-0017-d1~neg~spec-0017-d2,"The web proxy targets FLASK_SERVER_ADDR=backend:8080, but the backend serves on FLASK_SERVER_PORT=9091, so the proxy points at the wrong port.",services.web.environment:7,"web.depends_on names service `api`, but no such service is defined (the application service is named `backend`).",services.web.depends_on:12,different,
paper-0002-d3~pos~0-1,"The deficit is said to fall from 6.3 percent to 5.9 percent of GDP, 'a decline of 0.7 percentage points', but 6.3 - 5.9 = 0.4 percentage points.",Relative to the economy:19-20,"6.3 minus 5.9 is 0.4, not the stated 0.7 percentage points.",Relative to the economy:19-20,same,
code-0014-d2~pos~0-1,"New digits are appended (`hexadecimal + values[remainder]`) instead of prepended (`values[remainder] + hexadecimal`), so the hex digits come out in reverse order.",src/dec2hex.py:27,The concatenation order is reversed; it should be `values[remainder] + hexadecimal`.,src/dec2hex.py:27,same,
paper-0023-d2~neg~paper-0023-d3,"The global figure two hundred years ago is said to be 'less than half of today's' (today's is just over 70), yet it is then given as 'around 45 years', which is well over half of 70.",A long climb:5-6,"With Japan close to 85 and Nigeria thirty years lower, Nigeria should be around 55, but the text puts Nigeria at 'around 65 years'.",Still deeply unequal:10-11,different,
code-0009-d3~pos~1-3,`number < -1` should be `number < 0`; -1 slips past the guard.,src/factorial.py:12,factorial(-1) returns a value instead of raising.,src/factorial.py:12,same,
code-0001-d2~neg~code-0001-d4,"`utilization` divides by `self.max_events` with no guard, raising ZeroDivisionError when `max_events == 0`.",src/window.py:23,"`from_config` passes constructor arguments in the wrong order, swapping `max_events` and `window_seconds`.",src/window.py:27,different,
paper-0005-d1~pos~0-1,"French 15-year-olds' life expectancy is said to rise from 58 to 83, 'an increase of 35 years', but 83 - 58 = 25 years.",Not only about infants:11-12,"83 minus 58 is 25, not the stated 35-year increase.",Not only about infants:11-12,same,
spec-0007-d1~pos~0-3,"DB_HOST points at `postgres:5432`, but the database service is named `db` (its image is postgres, but there is no service or host `postgres`).",services.gitea.environment:6,Dangling host reference: no service named `postgres` exists.,services.gitea.environment:6,same,
paper-0019-d2~pos~2-3,"More than a third of 350 million would be over 115 million, not 40 million.",What and where:9-10,The poultry tonnage and its stated share disagree.,What and where:9-10,same,
code-0006-d1~neg~code-0006-d3,"The divmod arguments are swapped: `divmod(arabic, number)` divides the table value by the running number, but it must divide the number by the value (`divmod(number, arabic)`).",src/to_roman.py:32,"The loop breaks when the remaining number is non-zero (`if number != 0`), so it stops after the first iteration; it should break once the number has been fully converted (`if number == 0`).",src/to_roman.py:34,different,
code-0005-d3~pos~0-1,"After consuming a two-character subtractive pair the index advances by 3 (`place += 3`) instead of 2, skipping the character that follows the pair.",src/roman.py:22,"`place += 3` should be `place += 2`; a subtractive pair is two characters, so the next character gets skipped.",src/roman.py:22,same,
code-0015-d2~pos~0-3,"The outer loop `range(1, len(collection) - 1)` stops before the last element, so the final element is never inserted and the list is left partially unsorted.",src/insort.py:12,Off-by-one in the outer range drops the last insertion.,src/insort.py:12,same,
spec-0003-d1~pos~1-3,The backend mounts a secret `db-secret` that is never declared in the top-level secrets section.,services.backend.secrets:7,Dangling secret reference in the backend service.,services.backend.secrets:7,same,
spec-0017-d2~pos~0-3,"web.depends_on names service `api`, but no such service is defined (the application service is named `backend`).",services.web.depends_on:12,Dangling service dependency: `api` is undefined.,services.web.depends_on:12,same,
code-0016-d1~pos~0-1,"The inner comparison `collection[k] > collection[min_index]` selects the maximum of the remaining elements instead of the minimum, producing a descending sort; it should be `<`.",src/selsort.py:16,"`>` should be `<`; selection sort must find the minimum, not the maximum.",src/selsort.py:16,same,
paper-0016-d1~neg~paper-0016-d3,"If more than a third of US adults were obese, then a bit under two-thirds were not, but the text says 'fewer than one-quarter were not' obese.",A growing share:4-5,"The global overweight/obese share is given as 'two-fifths — about 20%', but two-fifths is 40%, not 20%.",A global problem:9,different,
spec-0010-d1~neg~spec-0010-d2,"The SECRET_USERNAME env var's secretKeyRef names Secret `app-secret`, but the Secret defined in this manifest is named `test-secret`.",Pod...SECRET_USERNAME.secretKeyRef:21,"The SECRET_USERNAME env var requests key `user`, but the Secret defines keys `username` and `password` — there is no `user` key.",Pod...SECRET_USERNAME.secretKeyRef:22,different,
spec-0013-d2~pos~2-3,Nextcloud and the database are configured with different passwords.,services.nc.environment:6,POSTGRES_PASSWORD is inconsistent between the app and the db service.,services.nc.environment:6,same,
paper-0023-d1~neg~paper-0023-d2,"The rise from 32 years in 1900 to 71 in 2021 is called 'more than tripled', but 71 is about 2.2 times 32 — a bit more than a doubling, not a tripling.",A long climb:4-5,"The global figure two hundred years ago is said to be 'less than half of today's' (today's is just over 70), yet it is then given as 'around 45 years', which is well over half of 70.",A long climb:5-6,different,
code-0011-d1~neg~code-0011-d3,"The loop `for _ in range(n)` runs one iteration too many (the list already starts with two elements), producing more Fibonacci numbers than requested.",src/fib.py:19,"For n == 0 the function returns `[]`, but the first 0-indexed Fibonacci number is 0, so it should return `[0]`.",src/fib.py:17,different,
paper-0011-d1~neg~paper-0011-d3,"The share using safe sanitation is given as 'just over half — around 74%', but just over half is about 50%, not 74%.",The global picture:4,"The poorest-country coverage is given as 'one in five — roughly 40%', but one in five is 20%, not 40%.",The poorest countries:9,different,
spec-0013-d2~neg~spec-0013-d3,"The nc app's POSTGRES_PASSWORD is `secret`, but the db service's POSTGRES_PASSWORD is `nextcloud`, so authentication will fail.",services.nc.environment:6,"The nc app's POSTGRES_DB is `cloud`, but the db service creates database `nextcloud`, so the app targets a database that does not exist.",services.nc.environment:7,different,
paper-0002-d1~neg~paper-0002-d3,"The deficit is said to have decreased by '$41 billion (or 6 percent)', but $41 billion is about 2 percent of the ~$1.8 trillion deficit, not 6 percent.",Overview:5,"The deficit is said to fall from 6.3 percent to 5.9 percent of GDP, 'a decline of 0.7 percentage points', but 6.3 - 5.9 = 0.4 percentage points.",Relative to the economy:19-20,different,
code-0013-d2~pos~0-1,"The base is doubled (`base += base`) instead of squared (`base *= base`), so the repeated-squaring step is wrong.",src/binexp.py:20,`base += base` should be `base *= base`; each step must square the base.,src/binexp.py:20,same,
paper-0023-d3~pos~0-1,"With Japan close to 85 and Nigeria thirty years lower, Nigeria should be around 55, but the text puts Nigeria at 'around 65 years'.",Still deeply unequal:10-11,"85 minus 30 is 55, not 65.",Still deeply unequal:10-11,same,
paper-0014-d1~neg~paper-0014-d3,"The renewable share of primary energy is given as 'one-seventh — roughly 34%', but one-seventh is about 14%, not 34%.",A small but growing share:4,"The renewable share of electricity is given as 'almost one-third, about 60%', but one-third is about 33%, not 60%.",A small but growing share:6-7,different,
spec-0001-d2~pos~0-1,"autoscale.target_cpu_percent is 130, outside the allowed range [1, 100].",autoscale.target_cpu_percent:16,A CPU target of 130% is out of the valid 1-100 percent range.,autoscale.target_cpu_percent:16,same,
spec-0012-d2~pos~0-1,"The container's volumeMount references volume `pv-storage`, but the Pod defines the volume as `task-pv-storage`.",Pod.spec.containers.volumeMounts:32,The volumeMount name `pv-storage` does not match the Pod volume `task-pv-storage`.,Pod.spec.containers.volumeMounts:32,same,
paper-0013-d1~neg~paper-0013-d2,"The rise from about 1 billion (1800) to more than 8 billion (today) is called 'a fourfold increase', but 8 divided by 1 is an eightfold increase.",From one billion to eight:4-5,"Growth is said to have 'more than doubled, falling to less than 1%' after peaking at over 2%, but a peak followed by a fall to under 1% is a decrease, not a doubling.",Slowing growth:8-9,different,
code-0005-d1~pos~1-2,"`total -= vals[roman[place]]` should add, not subtract; the else branch must accumulate with `+=`.",src/roman.py:24,A single numeral like 'III' would evaluate to -3 because the value is subtracted rather than added.,src/roman.py:24,same,
spec-0003-d1~neg~spec-0003-d2,"backend.secrets references `db-secret`, which is not defined under the top-level `secrets` key (only `db-password` exists there).",services.backend.secrets:7,"backend.depends_on names service `database`, but no such service is defined (the Postgres service is named `db`).",services.backend.depends_on:9,different,
spec-0009-d1~neg~spec-0009-d3,"The Pod's configMapKeyRef names ConfigMap `app-config`, but the ConfigMap defined in this manifest is named `special-config`; no `app-config` exists.",Pod.spec.containers.env.configMapKeyRef:24,"The Pod is in namespace `production`, but the ConfigMap it references is in namespace `default`; ConfigMaps are namespace-scoped, so the reference cannot resolve across namespaces.",Pod.metadata.namespace:14,different,
paper-0023-d1~pos~1-2,"32 to 71 is roughly a doubling, not a tripling.",A long climb:4-5,"Tripling 32 would give about 96 years, not 71.",A long climb:4-5,same,
code-0014-d3~pos~1-2,`decimal *= 1` should be `decimal *= -1`; the sign is never flipped.,src/dec2hex.py:24,"Negative inputs stay negative, so the loop emits nothing and the digits are lost.",src/dec2hex.py:24,same,
code-0015-d2~pos~2-3,"The loop stops one short, leaving the final item unsorted.",src/insort.py:12,Off-by-one in the outer range drops the last insertion.,src/insort.py:12,same,
spec-0018-d2~pos~0-2,"The StatefulSet selector matchLabels is `app: web`, but its pod template labels are `app: nginx`; a StatefulSet's selector must match its template labels.",StatefulSet.spec.selector.matchLabels:24,The StatefulSet selects `app: web` but labels its pods `app: nginx`.,StatefulSet.spec.selector.matchLabels:24,same,
paper-0012-d1~neg~paper-0012-d3,"The text says the number of people in cities 'overtook' the number in the countryside around 2007, yet describes the urban share as 'less than half' — overtaking means the urban share became the majority (more than half).",Crossing the halfway point:4-5,"The breakdown gives 45% cities, 35% towns, and 40% villages, which sums to 120% rather than 100%.",A finer breakdown:10-11,different,
paper-0003-d2~neg~paper-0003-d3,"The text says two-thirds (66%) live on less than $5 a day while only half (52%) live on less than $10 a day, which is impossible: everyone below $5 is also below $10, so the $10 share cannot be smaller than the $5 share.",Higher poverty lines:12,The extreme-poverty threshold is given inconsistently: 'less than $2 a day' in one sentence but the 'International Poverty Line of $3 per day' in the next.,The long-run decline:7,different,
spec-0015-d1~neg~spec-0015-d3,"nginx-proxy.depends_on names service `flask`, but the application service is named `flask-app`; there is no service `flask`.",services.nginx-proxy.depends_on:12,"The flask-app runs gunicorn bound to 0.0.0.0:5000, but the service publishes port 8000 and its healthcheck probes 8000, so nothing is actually served on the exposed port.",services.flask-app.command:29,different,
code-0001-d1~neg~code-0001-d3,"The limit check in `allow` uses `>` instead of `>=`, so it admits one event beyond `max_events` per window.",src/window.py:16,"`cutoff` is computed with `+` instead of `-`, placing it in the future so every event is evicted and the limiter never throttles.",src/window.py:13,different,
code-0018-d1~neg~code-0018-d2,"The comparison `if x < max_num` keeps the smallest value seen, so the function returns the minimum instead of the maximum; it should be `>`.",src/findmax.py:18,"The running maximum is initialised to `0` instead of the first element, so for all-negative inputs the function wrongly returns 0.",src/findmax.py:16,different,
paper-0017-d1~pos~0-3,"The smoking share is given as 'one in four — roughly 45%', but one in four is 25%, not 45%.",How many smoke:4,45% is closer to one in two than one in four.,How many smoke:4,same,
spec-0016-d2~neg~spec-0016-d3,"kibana.depends_on names service `store`, but no such service is defined (it should be `elasticsearch`).",services.kibana.depends_on:43,"kibana.networks references `elk`, which is not declared under the top-level `networks` key (only `elastic` exists).",services.kibana.networks:45,different,
paper-0010-d1~pos~0-2,"The safe-water share is given as 'almost three-quarters — around 64%', but three-quarters is 75%, not 64%.",The global picture:4,The word (three-quarters) and the figure (64%) disagree.,The global picture:4,same,
spec-0002-d1~neg~spec-0002-d2,"backend.depends_on names `database`, but no service by that name is defined (the database service is named `db`).",services.backend.depends_on:30,"frontend.networks references `frontend-net`, which is not declared under the top-level `networks` key (only `public` and `private` exist).",services.frontend.networks:57,different,
code-0009-d1~neg~code-0009-d2,"The loop `for i in range(1, number)` stops at `number - 1`, so the factor `number` itself is never multiplied in; it should be `range(1, number + 1)`.",src/factorial.py:15,"The accumulator uses `value += i` (addition) instead of `value *= i` (multiplication), so it sums the factors rather than multiplying them.",src/factorial.py:16,different,
paper-0007-d2~neg~paper-0007-d3,"900 deaths per 100,000 is described as 'nearly one in a thousand', but 900 per 100,000 is about 1 in 111 — nearly one in a hundred, not one in a thousand.",Before modern medicine:9-10,"The second clinic is described with 'only one in 5' died versus 'every tenth' in the first, but one in 5 (20%) is higher than one in 10 (10%), so 'only' is contradictory.",Before modern medicine:11-12,different,
paper-0015-d2~neg~paper-0015-d3,"The ~3 million Bengal deaths are called 'about one-third as many' as the ~36 million Great Leap Forward deaths, but 3 out of 36 is about one-twelfth, not one-third.",The scale of the toll:6-7,"Children are said to account for 'between one half and one-quarter' of famine deaths, but one-quarter is less than one half, so the range is stated backwards (the upper bound is below the lower bound).",Who dies:10-11,different,
paper-0013-d2~pos~0-1,"Growth is said to have 'more than doubled, falling to less than 1%' after peaking at over 2%, but a peak followed by a fall to under 1% is a decrease, not a doubling.",Slowing growth:8-9,"Falling from over 2% to under 1% is more than halving, not doubling.",Slowing growth:8-9,same,
paper-0002-d1~neg~paper-0002-d4,"The deficit is said to have decreased by '$41 billion (or 6 percent)', but $41 billion is about 2 percent of the ~$1.8 trillion deficit, not 6 percent.",Overview:5,"Debt held by the public is said to have 'rose to 96.8 percent of GDP ... up from 97.4 percent', but 96.8 is lower than 97.4, so the debt did not rise.",Relative to the economy:20-21,different,
paper-0023-d1~neg~paper-0023-d3,"The rise from 32 years in 1900 to 71 in 2021 is called 'more than tripled', but 71 is about 2.2 times 32 — a bit more than a doubling, not a tripling.",A long climb:4-5,"With Japan close to 85 and Nigeria thirty years lower, Nigeria should be around 55, but the text puts Nigeria at 'around 65 years'.",Still deeply unequal:10-11,different,
code-0016-d1~pos~0-3,"The inner comparison `collection[k] > collection[min_index]` selects the maximum of the remaining elements instead of the minimum, producing a descending sort; it should be `<`.",src/selsort.py:16,"selection_sort([0,5,3,2,2]) would not be ascending with `>`.",src/selsort.py:16,same,
paper-0010-d1~neg~paper-0010-d2,"The safe-water share is given as 'almost three-quarters — around 64%', but three-quarters is 75%, not 64%.",The global picture:4,"The share without safe water is given as 'one in four, roughly 46%', but one in four is 25%, not 46%.",The global picture:5,different,
code-0012-d2~pos~1-2,The ternary is backwards; it should be `-decimal_number if is_negative else decimal_number`.,src/bin2dec.py:25,Positive inputs are negated and negative inputs are left positive.,src/bin2dec.py:25,same,
code-0004-d1~neg~code-0004-d2,"The empty-data guard is `n < 0`, which can never be true for a length; empty input should be caught with `n == 0` (as the error message says), so `median([])` falls through and raises an IndexError instead.",src/stats.py:18,"For odd-length data the function returns `data[n // 2 - 1]`, which is one position left of the true middle element (`data[n // 2]`).",src/stats.py:21,different,
code-0011-d2~pos~0-1,"The recurrence subtracts (`fib[-1] - fib[-2]`) instead of adding, so it does not produce Fibonacci numbers.",src/fib.py:20,`fib[-1] - fib[-2]` should be `fib[-1] + fib[-2]`; Fibonacci adds the two previous terms.,src/fib.py:20,same,
paper-0009-d1~neg~paper-0009-d3,"The rise from 6 to more than 20 billion tonnes is called 'almost doubled', but 20 is more than three times 6, not roughly double.",A steep climb:4-5,"The US total (~400 billion) is said to be 'more than 3 times' China's ~270 billion tonnes, but 400 / 270 is about 1.5.",Who is responsible:9-10,different,
code-0014-d1~pos~0-1,"The digits are extracted with `divmod(decimal, 8)` instead of `divmod(decimal, 16)`, so it converts to base 8 rather than hexadecimal.",src/dec2hex.py:26,"`divmod(decimal, 8)` should use 16; hexadecimal is base 16.",src/dec2hex.py:26,same,
code-0009-d2~neg~code-0009-d3,"The accumulator uses `value += i` (addition) instead of `value *= i` (multiplication), so it sums the factors rather than multiplying them.",src/factorial.py:16,"The negative guard is `number < -1`, so `-1` is accepted even though factorial is undefined for negative values; it should be `number < 0`.",src/factorial.py:12,different,
code-0016-d2~pos~0-1,"The inner scan `range(i + 1, length - 1)` stops one element early, so the last element is never considered when searching for the minimum.",src/selsort.py:15,"`range(i + 1, length - 1)` should be `range(i + 1, length)`; the last index is skipped.",src/selsort.py:15,same,
paper-0022-d1~neg~paper-0022-d3,"Russia's over 800 million hectares is called 'about two-fifths of the global total', but 800 million is one-fifth of the world's roughly 4 billion hectares, not two-fifths.",Where the forests are:9-10,"Russia is stated to hold the largest share at over 800 million hectares, yet Brazil (the only OTHER country above 10%) is also given 'over 800 million hectares', which would tie or exceed the country said to be largest.",Where the forests are:11-12,different,
paper-0020-d1~pos~1-3,"1% to 2% of GDP is about a doubling, not a tenfold rise.",The rise of public spending:5-6,The stated growth multiple is far too high for 1%-to-2%.,The rise of public spending:5-6,same,
paper-0022-d2~pos~1-2,One-third of habitable land cannot be half of the larger total land.,How much forest remains:4-6,"Since habitable land is only part of all land, the forest share of all land must be smaller than its share of habitable land.",How much forest remains:4-6,same,
code-0017-d3~pos~1-3,`number >>= 2` should be `number >>= 1`; only one bit is processed per step.,src/popcount.py:20,Half the bits are dropped because the shift is by two.,src/popcount.py:20,same,
paper-0017-d1~neg~paper-0017-d3,"The smoking share is given as 'one in four — roughly 45%', but one in four is 25%, not 45%.",How many smoke:4,"With more than one-third of men and fewer than one in ten women smoking, men are more than three times as likely to smoke as women, but the text says 'less than twice as likely'.",The gender gap:8-9,different,
code-0016-d3~pos~2-3,Starting the minimum index at 0 lets already-sorted elements be reselected.,src/selsort.py:14,"The candidate minimum should be i, not the first element, on every pass.",src/selsort.py:14,same,
paper-0013-d1~neg~paper-0013-d3,"The rise from about 1 billion (1800) to more than 8 billion (today) is called 'a fourfold increase', but 8 divided by 1 is an eightfold increase.",From one billion to eight:4-5,"Today's 8 billion out of the ~108 billion who have ever lived is given as 'about 27%', but 8 / 108 is roughly 7%.",Slowing growth:9-11,different,
code-0012-d1~neg~code-0012-d3,"The Horner accumulation multiplies by 3 (`3 * decimal_number`) instead of 2, so it interprets the string in base 3 rather than binary.",src/bin2dec.py:24,"When stripping the leading '-', the slice `bin_string[2:]` removes two characters instead of one, dropping the first binary digit of negative inputs.",src/bin2dec.py:19,different,
spec-0002-d2~pos~0-3,"frontend.networks references `frontend-net`, which is not declared under the top-level `networks` key (only `public` and `private` exist).",services.frontend.networks:57,frontend uses a network name that does not appear under `networks:` (only public/private are declared).,services.frontend.networks:57,same,
code-0002-d4~pos~1-2,`q + 1 if i >= r else q` inverts the distribution; it should be `i <= r`.,src/partition.py:32,The leftover elements go to the wrong parts because the comparison to `r` is flipped.,src/partition.py:32,same,
paper-0017-d1~pos~1-2,"One in four is 25%, so 'roughly 45%' does not match.",How many smoke:4,The fraction (one in four) and the percentage (45%) disagree.,How many smoke:4,same,
paper-0008-d2~neg~paper-0008-d3,"154 million deaths prevented over fifty years is called 'an average of roughly 8 million lives saved every year', but 154 / 50 is about 3 million per year.",The lives saved:9-10,"The daily figure 'more than 80,000 every single day' is inconsistent with 154 million over fifty years, which is about 8,000 per day.",The lives saved:10-11,different,
spec-0008-d3~pos~2-3,"No pods carry the label `run: nginx`, so the Service has no endpoints.",Service.spec.selector:32,Service selector points at a label that no pod has.,Service.spec.selector:32,same,
spec-0013-d1~neg~spec-0013-d2,"The nc app sets POSTGRES_HOST=database, but the database service is named `db`; there is no service or host `database`.",services.nc.environment:5,"The nc app's POSTGRES_PASSWORD is `secret`, but the db service's POSTGRES_PASSWORD is `nextcloud`, so authentication will fail.",services.nc.environment:6,different,
spec-0008-d1~neg~spec-0008-d3,"The Deployment's selector matchLabels is `run: web`, but the pod template labels are `run: my-nginx`; a Deployment's selector must match its template labels.",Deployment.spec.selector.matchLabels:8,"The Service selector is `run: nginx`, which matches no pods: the Deployment labels its pods `run: my-nginx`, so the Service selects nothing.",Service.spec.selector:32,different,
paper-0013-d2~neg~paper-0013-d3,"Growth is said to have 'more than doubled, falling to less than 1%' after peaking at over 2%, but a peak followed by a fall to under 1% is a decrease, not a doubling.",Slowing growth:8-9,"Today's 8 billion out of the ~108 billion who have ever lived is given as 'about 27%', but 8 / 108 is roughly 7%.",Slowing growth:9-11,different,
spec-0015-d2~neg~spec-0015-d3,"The proxy targets FLASK_SERVER_ADDR=flask-app:9000, but the flask-app service publishes port 8000, so the proxy points at the wrong port.",services.nginx-proxy.environment:8,"The flask-app runs gunicorn bound to 0.0.0.0:5000, but the service publishes port 8000 and its healthcheck probes 8000, so nothing is actually served on the exposed port.",services.flask-app.command:29,different,
paper-0005-d1~neg~paper-0005-d3,"French 15-year-olds' life expectancy is said to rise from 58 to 83, 'an increase of 35 years', but 83 - 58 = 25 years.",Not only about infants:11-12,"Global 2021 life expectancy (just over 70) is said to be 'more than twice' the value two centuries earlier, given as 'less than 45'; but twice 45 is 90, which exceeds 70, so 70 is not more than twice 45.",Longer lives:6-7,different,
spec-0005-d2~neg~spec-0005-d3,"The prometheus config directory is mounted at `/config`, but the command loads the config from `/etc/prometheus/prometheus.yml`, so the config file will not be found at the path the command expects.",services.prometheus.volumes:11,"prometheus mounts the named volume `metrics_data`, which is not declared under the top-level `volumes` key (only `prom_data` exists there).",services.prometheus.volumes:12,different,
spec-0012-d1~neg~spec-0012-d2,"The Pod volume's persistentVolumeClaim.claimName is `pv-claim`, but the PVC defined in this manifest is named `task-pv-claim`.",Pod.spec.volumes.persistentVolumeClaim:23,"The container's volumeMount references volume `pv-storage`, but the Pod defines the volume as `task-pv-storage`.",Pod.spec.containers.volumeMounts:32,different,
code-0002-d1~pos~0-1,"The input guard is `n < 0`, so `n == 0` is accepted despite the raised message ('n must be at least 1') and docstring requiring n >= 1; the correct guard is `n < 1`.",src/partition.py:16,"`if n < 0` fails to reject `n == 0`, which the ValueError text ('n must be at least 1') says is invalid.",src/partition.py:16,same,
paper-0001-d1~neg~paper-0001-d2,"The Results section labels 180 of 200 as 75%, but 180/200 is 90%.",Results:16-17,"The text says our results 'corroborate' Chen et al. (2024), but Chen reported retrieval *reduced* accuracy while RAG-Sum shows retrieval *improves* it - so the results contradict, not corroborate, that finding.",Results:17-19,different,
code-0016-d1~neg~code-0016-d2,"The inner comparison `collection[k] > collection[min_index]` selects the maximum of the remaining elements instead of the minimum, producing a descending sort; it should be `<`.",src/selsort.py:16,"The inner scan `range(i + 1, length - 1)` stops one element early, so the last element is never considered when searching for the minimum.",src/selsort.py:15,different,
paper-0015-d1~neg~paper-0015-d2,"The ~36 million Great Leap Forward deaths are called 'more than two-thirds' of the century's ~100 million total, but 36 out of 100 is about a third, not more than two-thirds.",The scale of the toll:4-6,"The ~3 million Bengal deaths are called 'about one-third as many' as the ~36 million Great Leap Forward deaths, but 3 out of 36 is about one-twelfth, not one-third.",The scale of the toll:6-7,different,
spec-0013-d1~neg~spec-0013-d3,"The nc app sets POSTGRES_HOST=database, but the database service is named `db`; there is no service or host `database`.",services.nc.environment:5,"The nc app's POSTGRES_DB is `cloud`, but the db service creates database `nextcloud`, so the app targets a database that does not exist.",services.nc.environment:7,different,
code-0008-d1~neg~code-0008-d3,"`abs(n)` is computed but its result is discarded (not assigned back to `n`), so negative inputs are never made positive and the loop returns 0 for them.",src/digits.py:16,"The loop condition is `while n > 1`, which stops before processing the final (most significant) digit; it should be `while n > 0`.",src/digits.py:18,different,
paper-0015-d3~pos~0-2,"Children are said to account for 'between one half and one-quarter' of famine deaths, but one-quarter is less than one half, so the range is stated backwards (the upper bound is below the lower bound).",Who dies:10-11,The upper bound (one-quarter) is below the lower bound (one half).,Who dies:10-11,same,
code-0014-d1~pos~2-3,"Dividing by 8 produces octal-style digits, not hex.",src/dec2hex.py:26,"The radix is wrong (8 instead of 16), so decimal_to_hexadecimal(255) is not '0xff'.",src/dec2hex.py:26,same,
code-0002-d2~neg~code-0002-d4,"The arguments to `divmod` are swapped: `divmod(n, len(seq))` should be `divmod(len(seq), n)`, so q and r are computed from the wrong operands.",src/partition.py:26,"The remainder is distributed with `i >= r` instead of `i <= r`, so the extra elements are added to the later parts rather than the earlier ones.",src/partition.py:32,different,
spec-0004-d1~neg~spec-0004-d2,"proxy.networks references `frontend`, which is not declared under the top-level `networks` key (only `backnet` and `frontnet` exist).",services.proxy.networks:49,"backend.secrets references `app-secret`, which is not defined under the top-level `secrets` key (only `db-password` exists there).",services.backend.secrets:32,different,
spec-0001-d1~neg~spec-0001-d2,"replicas.min (5) is greater than replicas.max (3), violating the stated constraint min <= max.",replicas:11-12,"autoscale.target_cpu_percent is 130, outside the allowed range [1, 100].",autoscale.target_cpu_percent:16,different,
paper-0001-d1~neg~paper-0001-d4,"The Results section labels 180 of 200 as 75%, but 180/200 is 90%.",Results:16-17,"Hyperparameters were tuned on the test set, a train/test leak that invalidates the reported test results.",Dataset and Training:12-13,different,
paper-0007-d1~neg~paper-0007-d3,"450 per 100,000 versus 11 per 100,000 is called 'roughly 400 times higher', but 450 / 11 is about 41 — roughly 40 times, not 400.",A vast gap:6,"The second clinic is described with 'only one in 5' died versus 'every tenth' in the first, but one in 5 (20%) is higher than one in 10 (10%), so 'only' is contradictory.",Before modern medicine:11-12,different,
paper-0023-d2~pos~0-3,"The global figure two hundred years ago is said to be 'less than half of today's' (today's is just over 70), yet it is then given as 'around 45 years', which is well over half of 70.",A long climb:5-6,The stated past figure contradicts the 'less than half' description.,A long climb:5-6,same,
code-0013-d1~neg~code-0013-d2,"The odd-bit test uses `exponent & 2` instead of `exponent & 1`, so it inspects the wrong bit and multiplies in the base at the wrong steps.",src/binexp.py:18,"The base is doubled (`base += base`) instead of squared (`base *= base`), so the repeated-squaring step is wrong.",src/binexp.py:20,different,
code-0004-d2~neg~code-0004-d3,"For odd-length data the function returns `data[n // 2 - 1]`, which is one position left of the true middle element (`data[n // 2]`).",src/stats.py:21,"For even-length data the two middle values are divided by 1 instead of 2, so the result is their sum rather than their average.",src/stats.py:24,different,
code-0005-d1~neg~code-0005-d2,"In the non-subtractive branch the running total is decremented (`total -= ...`) instead of incremented, so ordinary numerals accumulate negatively.",src/roman.py:24,"The subtractive-pair test is inverted: it triggers when the current symbol is greater than the next (`>`), but subtraction applies when the current symbol is smaller (`<`), as in IV or IX.",src/roman.py:20,different,
paper-0005-d1~pos~0-2,"French 15-year-olds' life expectancy is said to rise from 58 to 83, 'an increase of 35 years', but 83 - 58 = 25 years.",Not only about infants:11-12,The rise from 58 to 83 years is miscalculated as 35.,Not only about infants:11-12,same,
spec-0011-d2~pos~2-3,Undefined network: `springnet` should be `spring-postgres`.,services.backend.networks:9,Dangling network reference in the backend service.,services.backend.networks:9,same,
spec-0001-d3~pos~1-2,Route /refund points at an undefined service `refunds-core`.,routes[1].backend:26,`refunds-core` is referenced as a backend but never declared in the services list.,routes[1].backend:26,same,
paper-0004-d1~pos~1-2,"Going from 10% to 90% is an 80-point gain, not the stated 70.",The long reversal:7-8,The percentage-point gain is miscalculated; 90 minus 10 is 80.,The long reversal:7-8,same,
code-0011-d1~neg~code-0011-d2,"The loop `for _ in range(n)` runs one iteration too many (the list already starts with two elements), producing more Fibonacci numbers than requested.",src/fib.py:19,"The recurrence subtracts (`fib[-1] - fib[-2]`) instead of adding, so it does not produce Fibonacci numbers.",src/fib.py:20,different,
spec-0008-d2~pos~1-2,The container port (8080) does not match the Service port 80 it is meant to back.,Deployment.spec.template.spec.containers.ports:19,Service traffic to port 80 will not reach the container listening on 8080.,Deployment.spec.template.spec.containers.ports:19,same,
code-0009-d1~neg~code-0009-d3,"The loop `for i in range(1, number)` stops at `number - 1`, so the factor `number` itself is never multiplied in; it should be `range(1, number + 1)`.",src/factorial.py:15,"The negative guard is `number < -1`, so `-1` is accepted even though factorial is undefined for negative values; it should be `number < 0`.",src/factorial.py:12,different,
code-0006-d1~neg~code-0006-d2,"The divmod arguments are swapped: `divmod(arabic, number)` divides the table value by the running number, but it must divide the number by the value (`divmod(number, arabic)`).",src/to_roman.py:32,"Each symbol is repeated `factor + 1` times instead of `factor`, appending one extra copy of every Roman symbol.",src/to_roman.py:33,different,
paper-0006-d2~pos~1-3,"The rate went down (33% to 12%), so 'more than doubled' is the wrong direction.",A steep fall:7,More than doubled' contradicts the reported decrease in the hunger rate.,A steep fall:7,same,
code-0003-d2~pos~0-1,"The initial upper bound is `len(a) - 1`, so the last element (index len(a)-1) is excluded from the searched range; the default should be `len(a)`.",src/search.py:19,"The default `hi` should be `len(a)`, not `len(a) - 1`; the final element is left outside the search interval.",src/search.py:19,same,
spec-0006-d1~neg~spec-0006-d3,"WORDPRESS_DB_HOST is set to `database`, but the database service is named `db`; there is no service or host `database`.",services.wordpress.environment:25,"WORDPRESS_DB_PASSWORD is `secret`, but the db user's password is `wordpress` (MYSQL_PASSWORD=wordpress), so authentication will fail.",services.wordpress.environment:27,different,
code-0013-d2~pos~1-2,`base += base` should be `base *= base`; each step must square the base.,src/binexp.py:20,Adding the base to itself doubles it rather than squaring it.,src/binexp.py:20,same,
spec-0005-d1~neg~spec-0005-d3,"grafana publishes host port 9090 (`9090:3000`), colliding with prometheus's host port 9090 (`9090:9090`); two services cannot bind the same host port.",services.grafana.ports:17,"prometheus mounts the named volume `metrics_data`, which is not declared under the top-level `volumes` key (only `prom_data` exists there).",services.prometheus.volumes:12,different,
paper-0017-d2~neg~paper-0017-d3,"If more than one-third of men smoke, then fewer than two-thirds do not, but the text says 'fewer than one-quarter do not'.",The gender gap:7-8,"With more than one-third of men and fewer than one in ten women smoking, men are more than three times as likely to smoke as women, but the text says 'less than twice as likely'.",The gender gap:8-9,different,
spec-0007-d1~neg~spec-0007-d2,"DB_HOST points at `postgres:5432`, but the database service is named `db` (its image is postgres, but there is no service or host `postgres`).",services.gitea.environment:6,"DB_USER is `admin`, but the Postgres role created by the db service is `gitea` (POSTGRES_USER=gitea), so the login role does not exist.",services.gitea.environment:8,different,
paper-0022-d2~pos~0-2,"Forest is said to be a little over one-third of habitable land and 'around one-half of all land', but habitable land is a subset of all land, so one-third of habitable land must be less than one-third of all land, not one-half of it.",How much forest remains:4-6,"Since habitable land is only part of all land, the forest share of all land must be smaller than its share of habitable land.",How much forest remains:4-6,same,
spec-0008-d3~pos~0-1,"The Service selector is `run: nginx`, which matches no pods: the Deployment labels its pods `run: my-nginx`, so the Service selects nothing.",Service.spec.selector:32,The Service selector `run: nginx` does not match the pod label `run: my-nginx`.,Service.spec.selector:32,same,
paper-0013-d2~pos~1-2,"Falling from over 2% to under 1% is more than halving, not doubling.",Slowing growth:8-9,More than doubled' contradicts the rate falling to less than 1%.,Slowing growth:8-9,same,
paper-0007-d1~pos~2-3,The stated ratio between low- and high-income rates is off by a factor of ten.,A vast gap:6,400 times higher' overstates the 450-to-11 ratio (which is ~40).,A vast gap:6,same,
code-0007-d3~pos~2-3,"The guard fails to reject 0, contradicting the 'positive integers' precondition.",src/collatz.py:12,"Passing 0 is accepted and never terminates, because the guard only rejects negatives.",src/collatz.py:12,same,
paper-0017-d3~pos~0-3,"With more than one-third of men and fewer than one in ten women smoking, men are more than three times as likely to smoke as women, but the text says 'less than twice as likely'.",The gender gap:8-9,33% versus under 10% cannot be 'less than twice'.,The gender gap:8-9,same,
paper-0001-d1~neg~paper-0001-d3,"The Results section labels 180 of 200 as 75%, but 180/200 is 90%.",Results:16-17,The Discussion claims RAG-Sum 'will generalize to any clinical documentation task' from a single 200-note test set - an unsupported over-generalization.,Discussion:22-23,different,
code-0008-d2~neg~code-0008-d3,"The digit is extracted with integer division (`n // 10`) instead of the remainder (`n % 10`), so it adds the truncated quotient rather than the last digit.",src/digits.py:19,"The loop condition is `while n > 1`, which stops before processing the final (most significant) digit; it should be `while n > 0`.",src/digits.py:18,different,
spec-0018-d1~neg~spec-0018-d2,"The StatefulSet's serviceName is `web-svc`, but the headless Service that governs it is named `nginx`; there is no Service `web-svc`.",StatefulSet.spec.serviceName:20,"The StatefulSet selector matchLabels is `app: web`, but its pod template labels are `app: nginx`; a StatefulSet's selector must match its template labels.",StatefulSet.spec.selector.matchLabels:24,different,
paper-0004-d3~pos~0-3,"It says more than 95% of youth have basic literacy, 'meaning fewer than 15% cannot read', but the complement of 95% is 5%, not 15%.",Recent progress:12,The illiterate share for youth is inconsistent with the stated 95% literacy.,Recent progress:12,same,
code-0005-d1~pos~1-3,"`total -= vals[roman[place]]` should add, not subtract; the else branch must accumulate with `+=`.",src/roman.py:24,The additive step uses `-=` where it should use `+=`.,src/roman.py:24,same,
code-0007-d1~pos~1-2,"The even-case step should be `n //= 2`, not `n //= 3`.",src/collatz.py:17,"Even numbers are divided by 3 rather than halved, contradicting the sequence in the docstring.",src/collatz.py:17,same,
code-0002-d2~neg~code-0002-d3,"The arguments to `divmod` are swapped: `divmod(n, len(seq))` should be `divmod(len(seq), n)`, so q and r are computed from the wrong operands.",src/partition.py:26,"The loop `for i in range(1, n)` iterates one time too few, producing n-1 parts instead of n (the docstring shows `divide(2, ...)` must yield two parts).",src/partition.py:30,different,
code-0003-d1~neg~code-0003-d3,"The midpoint comparison uses `x <= a[mid]`; a rightmost insertion point (per the docstring) requires `x < a[mid]`, so equal keys are routed into the left subrange rather than the right (bisect_left instead of bisect_right).",src/search.py:22,"The else branch sets `lo = mid` instead of `lo = mid + 1`, so when `x` belongs to the right half the loop cannot make progress and never terminates.",src/search.py:25,different,
spec-0011-d1~neg~spec-0011-d2,"The backend expects POSTGRES_DB=appdb, but the db service creates the database `example` (POSTGRES_DB=example), so the app targets a database that does not exist.",services.backend.environment:7,"The backend joins network `springnet`, which is not declared under the top-level `networks` key (only `spring-postgres` exists).",services.backend.networks:9,different,
spec-0016-d3~pos~2-3,"The network should be `elastic`, not `elk`.",services.kibana.networks:45,Dangling network reference in the kibana service.,services.kibana.networks:45,same,
paper-0006-d1~neg~paper-0006-d2,"The fall from 33% (1970) to 12% (2015) is called 'a decline of 31 percentage points', but 33 - 12 = 21 percentage points.",A steep fall:6,"Hunger is described as having 'more than doubled' over the period, but the rate fell from 33% to 12% — it decreased, so it cannot have doubled.",A steep fall:7,different,
spec-0001-d2~neg~spec-0001-d4,"autoscale.target_cpu_percent is 130, outside the allowed range [1, 100].",autoscale.target_cpu_percent:16,"tls.enabled is false while environment is production, violating the constraint that TLS must be enabled in production.",tls.enabled:29,different,
paper-0007-d1~neg~paper-0007-d2,"450 per 100,000 versus 11 per 100,000 is called 'roughly 400 times higher', but 450 / 11 is about 41 — roughly 40 times, not 400.",A vast gap:6,"900 deaths per 100,000 is described as 'nearly one in a thousand', but 900 per 100,000 is about 1 in 111 — nearly one in a hundred, not one in a thousand.",Before modern medicine:9-10,different,
spec-0008-d1~pos~0-2,"The Deployment's selector matchLabels is `run: web`, but the pod template labels are `run: my-nginx`; a Deployment's selector must match its template labels.",Deployment.spec.selector.matchLabels:8,The Deployment selects `run: web` but labels its pods `run: my-nginx`.,Deployment.spec.selector.matchLabels:8,same,
paper-0021-d2~neg~paper-0021-d3,"One-quarter of the 350 million tonnes of waste is given as 'roughly 250 million tonnes', but a quarter of 350 million is about 88 million, not 250 million.",Where it goes:8-9,"1-2 million tonnes reaching the ocean out of 350 million tonnes of waste is given as 'about 5%', but that ratio is about 0.5%.",Where it goes:9-11,different,
code-0014-d3~pos~0-1,"For negative inputs the value is multiplied by 1 (`decimal *= 1`) rather than -1, so it is never made positive and the while loop produces no digits.",src/dec2hex.py:24,`decimal *= 1` should be `decimal *= -1`; the sign is never flipped.,src/dec2hex.py:24,same,
spec-0015-d2~pos~0-2,"The proxy targets FLASK_SERVER_ADDR=flask-app:9000, but the flask-app service publishes port 8000, so the proxy points at the wrong port.",services.nginx-proxy.environment:8,FLASK_SERVER_ADDR should use port 8000 to match the flask-app service.,services.nginx-proxy.environment:8,same,