row_id,text_a,location_a,text_b,location_b,human_same (Y/N),notes
r9da0446991,Potential division by zero in utilization method: dividing by self.max_events without guarding against zero.,src/window.py:23-23,Potential division by zero in `utilization` method,src/window.py:23,,
rcc4fd20421,"The Nextcloud service is configured to connect to a PostgreSQL host named `database`, but the PostgreSQL service is named `db`.",,"The Nextcloud service is configured to authenticate with password `secret`, but the PostgreSQL service has password `nextcloud`.",,,
rf19446d8a1,"For n=1, the loop for i in range(1, 1) executes zero times, so the function returns an empty list instead of a single partition containing the whole sequence.",src/partition.py:30-33,"The loop `for i in range(1, n)` iterates one time too few, producing n-1 parts instead of n (the docstring shows `divide(2, ...)` must yield two parts).",src/partition.py:30-30,,
re68edc1a54,Contradictory training description.,Dataset and Training,"The Results section labels 180 of 200 as 75%, but 180/200 is 90%.",Results:16-17,,
r6b299ac357,Docstring incorrectly claims ascending sort and provides examples that do not match the actual behavior.,src/bubble.py:5-11,"The comparison `collection[j] < collection[j + 1]` swaps when the left element is smaller, which sorts in descending order; ascending order needs `>`.",src/bubble.py:16-16,,
r1f7a38cfc6,Bare minus sign input is not rejected; returns 0 instead of raising ValueError.,src/bin2dec.py:15-25,"The final sign is inverted: it returns `decimal_number` for negative inputs and `-decimal_number` otherwise, so positive binary strings come back negative.",src/bin2dec.py:25-25,,
r8add486862,MySQL-specific command flag used with MariaDB image,services.db.command,MySQL-specific command flag used with MariaDB image,services.db.command,,
r43dc994e71,"The description of debt-to-GDP change contradicts the numbers: it says debt rose to 96.8% from 97.4%, but that is a decrease, not an increase.",Relative to the economy,"The description of debt-to-GDP change contradicts the numbers: it says debt rose to 96.8% from 97.4%, but that is a decrease, not an increase.",Relative to the economy,,
r26658dc486,Backend node_modules volume mounted at wrong path,services.backend.volumes,"backend.depends_on names `database`, but no service by that name is defined (the database service is named `db`).",services.backend.depends_on:30-30,,
r8fdb95a048,Docstring examples expect correct results but the algorithmic bugs prevent the function from producing those outputs.,src/binexp.py:7-12,"The odd-bit test uses `exponent & 2` instead of `exponent & 1`, so it inspects the wrong bit and multiplies in the base at the wrong steps.",src/binexp.py:18-18,,
rd34c98f18c,Docstring examples (lines 7–10) show correct Collatz sequences but the code produces different sequences due to errors on lines 17 and 19.,src/collatz.py:7-10,"The input guard uses `n < 0`, so `n == 0` is accepted even though the sequence is only defined for positive integers (0 then loops forever).",src/collatz.py:12-12,,
rb3d3edc527,The claim that life expectancy “more than tripled” from 32 years (1900) to 71 years (2021) is mathematically incorrect.,A long climb,"The rise from 32 years in 1900 to 71 in 2021 is called 'more than tripled', but 71 is about 2.2 times 32 — a bit more than a doubling, not a tripling.",A long climb:4-5,,
r7efc76ee30,"The text is ambiguous about whether the 83 years is remaining life expectancy or total life expectancy, making the example misleading.",Not only about infants:9-12,"French 15-year-olds' life expectancy is said to rise from 58 to 83, 'an increase of 35 years', but 83 - 58 = 25 years.",Not only about infants:11-12,,
rfa4fb0bdaa,The range 'between one half and one-quarter' for the share of deaths in children under five is illogically ordered and likely reversed.,Who dies,The range 'between one half and one-quarter' for the share of deaths in children under five is illogically ordered and likely reversed.,Who dies,,
rfe71b66cf7,"Arithmetic error: the gain from 10% to 90% is 80 percentage points, not 70.",The long reversal,The claimed gain of 70 percentage points is incorrect; from 10% to 90% is 80 percentage points.,The long reversal:8-8,,
re463b034a7,"The subtraction on line 21 is applied incorrectly due to the reversed condition on line 20, causing a negative contribution.",src/roman.py:21-21,"The subtraction on line 21 is applied incorrectly due to the reversed condition on line 20, causing a negative contribution.",src/roman.py:21-21,,
r20c15a888f,Missing database connection details in backend service.,services.backend:5-10,"The backend joins network `springnet`, which is not declared under the top-level `networks` key (only `spring-postgres` exists).",services.backend.networks:9-9,,
r203366cafe,"Database credentials mismatch: The nc service expects POSTGRES_PASSWORD=secret and POSTGRES_DB=cloud, while the db service sets POSTGRES_PASSWORD=nextcloud and POSTGRES_DB=nextcloud.",,"Database credentials mismatch: The nc service expects POSTGRES_PASSWORD=secret and POSTGRES_DB=cloud, while the db service sets POSTGRES_PASSWORD=nextcloud and POSTGRES_DB=nextcloud.",,,
r534430ff70,Environment variable references key 'SPECIAL_MODE' but ConfigMap has keys 'SPECIAL_LEVEL' and 'SPECIAL_TYPE'.,Pod spec.containers[0].env[0].valueFrom.configMapKeyRef.key,Environment variable references key 'SPECIAL_MODE' but ConfigMap has keys 'SPECIAL_LEVEL' and 'SPECIAL_TYPE'.,Pod spec.containers[0].env[0].valueFrom.configMapKeyRef.key,,
r5936e7717f,Declared volume `prom_data` is unused by any service.,,"prometheus mounts the named volume `metrics_data`, which is not declared under the top-level `volumes` key (only `prom_data` exists there).",services.prometheus.volumes:12-12,,
r3ffe8551dd,"Backend is on springnet (undefined) and database on spring-postgres; even if springnet were valid, they would be on separate networks, preventing connectivity.","services.backend.networks, services.db.networks:9-18","The backend joins network `springnet`, which is not declared under the top-level `networks` key (only `spring-postgres` exists).",services.backend.networks:9-9,,
r170467e146,Docstring examples show expected outputs that the buggy code cannot produce.,src/binexp.py:7-12,"The odd-bit test uses `exponent & 2` instead of `exponent & 1`, so it inspects the wrong bit and multiplies in the base at the wrong steps.",src/binexp.py:18-18,,
rdf1b938866,"The function lacks input validation for the documented range 1–3999, leading to unhandled errors and invalid outputs.",src/to_roman.py,"The loop breaks when the remaining number is non-zero (`if number != 0`), so it stops after the first iteration; it should break once the number has been fully converted (`if number == 0`).",src/to_roman.py:34-34,,
r839b8408a7,"Kibana has no environment variable (e.g., ELASTICSEARCH_HOSTS) to configure the Elasticsearch connection.",kibana:37-45,"logstash.depends_on names service `search`, but no such service is defined (the search engine service is named `elasticsearch`).",services.logstash.depends_on:33-33,,
r86da7edb19,"The stated decrease of $41 billion (6%) is arithmetically incompatible: $41 billion from a prior deficit of $1.841 trillion is approximately 2.2%, not 6%, and a 6% decrease would be about $115 billion.",Overview,"The stated decrease of $41 billion (6%) is arithmetically incompatible: $41 billion from a prior deficit of $1.841 trillion is approximately 2.2%, not 6%, and a 6% decrease would be about $115 billion.",Overview,,
r4093be4290,The artifact gives inconsistent life expectancy figures for 2021: 61 years and then 'just over 70 years'.,Longer lives:3-6,"Global 2021 life expectancy (just over 70) is said to be 'more than twice' the value two centuries earlier, given as 'less than 45'; but twice 45 is 90, which exceeds 70, so 70 is not more than twice 45.",Longer lives:6-7,,
rf5c485f076,"The image tag is not pinned (uses implicit `latest`), which can lead to unexpected version changes and reduces reproducibility – a configuration best-practice violation.",Deployment.spec.template.spec.containers[0].image,"The container listens on `containerPort: 8080`, but the Service exposes port 80 with no targetPort (so it routes to pod port 80); the container port and the Service's target port do not match.",Deployment.spec.template.spec.containers.ports:19-19,,
r30e109e012,"Line 22 uses condition x <= a[mid] which is for leftmost insertion, not rightmost, causing infinite loop when x is present.",src/search.py:22-22,"Line 22 uses condition x <= a[mid] which is for leftmost insertion, not rightmost, causing infinite loop when x is present.",src/search.py:22-22,,
rb0eeda0cdf,"The WORDPRESS_DB_HOST is set to 'database' but the database service is named 'db', causing connection failure.",wordpress:22,"WORDPRESS_DB_HOST is set to `database`, but the database service is named `db`; there is no service or host `database`.",services.wordpress.environment:25-25,,
rc7e8bdd726,"The minimum replica count (5) exceeds the maximum replica count (3), violating the constraint that replicas.min must be ≤ replicas.max.",replicas:12-13,"replicas.min (5) is greater than replicas.max (3), violating the stated constraint min <= max.",replicas:11-12,,
r2a196e1adc,Missing `version` field at the top of the Compose file.,,Missing `version` field at the top of the Compose file.,,,
r0b003e92ca,"The function as written cannot produce the expected outputs `'III'`, `'CLIV'`, or `'MIX'` due to the cumulative mistakes.",,"The divmod arguments are swapped: `divmod(arabic, number)` divides the table value by the running number, but it must divide the number by the value (`divmod(number, arabic)`).",src/to_roman.py:32-32,,
r7d25abf27b,"The phrase 'around half — 52%' is internally inconsistent: 'around half' implies roughly 50%, but 52% is a precise value that clearly exceeds half.",Higher poverty lines,"The phrase 'around half — 52%' is internally inconsistent: 'around half' implies roughly 50%, but 52% is a precise value that clearly exceeds half.",Higher poverty lines,,
rc86614a0a9,Russia's forest area fraction is misstated as 'about two-fifths' (40%).,Where the forests are,"Russia's over 800 million hectares is called 'about two-fifths of the global total', but 800 million is one-fifth of the world's roughly 4 billion hectares, not two-fifths.",Where the forests are:9-10,,
rcfd6899604,"The increase in life expectancy for 15-year-olds in France from 58 to 83 years is stated as 35 years, but the correct increase is 25 years.",Not only about infants:11-12,"French 15-year-olds' life expectancy is said to rise from 58 to 83, 'an increase of 35 years', but 83 - 58 = 25 years.",Not only about infants:11-12,,
rc736c97d24,"The text states Brazil has over 800 million hectares of forest, but widely accepted data put Brazil's forest area at roughly 500 million hectares.",Where the forests are,"Russia is stated to hold the largest share at over 800 million hectares, yet Brazil (the only OTHER country above 10%) is also given 'over 800 million hectares', which would tie or exceed the country said to be largest.",Where the forests are:11-12,,
r85b99bd7a0,"The depends_on directive references a service named 'search', but no such service is defined in the services block.",logstash:17,"logstash.depends_on names service `search`, but no such service is defined (the search engine service is named `elasticsearch`).",services.logstash.depends_on:33-33,,
r9ca13390cd,"The text claims 'roughly 40% use safe sanitation, leaving about four in five without it', but if 40% use then 60% do not, not 80%.",The poorest countries,"The poorest-country coverage is given as 'one in five — roughly 40%', but one in five is 20%, not 40%.",The poorest countries:9-9,,
rffb055017d,Backend service cannot communicate with the 'mongo' service due to network mismatch.,backend:23-32,Backend service cannot communicate with the 'mongo' service due to network mismatch.,backend:23-32,,
r31e21355b1,"Healthcheck uses port 8000 but application listens on port 5000, causing healthcheck to always fail.",services.flask-app.healthcheck.test,"The flask-app runs gunicorn bound to 0.0.0.0:5000, but the service publishes port 8000 and its healthcheck probes 8000, so nothing is actually served on the exposed port.",services.flask-app.command:29-29,,
r949965e870,Missing input range validation for integers in the range 1–3999 as specified in the docstring.,src/to_roman.py:20-20,"The loop breaks when the remaining number is non-zero (`if number != 0`), so it stops after the first iteration; it should break once the number has been fully converted (`if number == 0`).",src/to_roman.py:34-34,,
r983ed89f3f,The claim that about four in five (80%) lack access is inconsistent with the stated usage rate of roughly 40% (which would imply about 60% lack access).,The poorest countries,"The poorest-country coverage is given as 'one in five — roughly 40%', but one in five is 20%, not 40%.",The poorest countries:9-9,,
r2844edf2e4,The ConfigMap special-config is defined but never referenced by any resource in the artifact.,ConfigMap special-config definition:1-7,The artifact includes a ConfigMap special-config that is never referenced by any resource in the artifact.,special-config (ConfigMap),,
r642c14383e,"Boolean values pass the isinstance(n, int) check because bool is a subclass of int, leading to unintended behavior.",src/collatz.py:12-12,"For odd numbers the step is `3 * n - 1` instead of `3 * n + 1`, using the wrong Collatz update for odd n.",src/collatz.py:19-19,,
r7a76e016c7,"The Pod references a Secret named 'app-secret' that is not defined in the artifact, causing Pod failure at runtime.",Pod YAML:22-25,The Pod's environment variable `SECRET_USERNAME` references a Secret named `app-secret` that does not exist in the artifact.,Pod,,
ra5b31a5070,"The frontend and backend services are on different networks (frontend on frontend-net, backend on public/private), so the frontend cannot reach the backend despite the depends_on directive.",,"backend.depends_on names `database`, but no service by that name is defined (the database service is named `db`).",services.backend.depends_on:30-30,,
rc3757dab72,Arithmetic contradiction: the literacy gain is miscalculated as 70 percentage points when it should be 80.,The long reversal,Arithmetic contradiction: the literacy gain is miscalculated as 70 percentage points when it should be 80.,The long reversal,,
r984a2ea935,"The docstring examples are inconsistent with the actual code behaviour, as the code does not produce the expected sorted outputs.",src/selsort.py:7-10,"The docstring examples are inconsistent with the actual code behaviour, as the code does not produce the expected sorted outputs.",src/selsort.py:7-10,,
rf66ae6deaf,The database connection credentials and database name in the `gitea` service do not match the ones configured in the `db` service.,services.gitea.environment:5-7,"DB_USER is `admin`, but the Postgres role created by the db service is `gitea` (POSTGRES_USER=gitea), so the login role does not exist.",services.gitea.environment:8-8,,
r3c8aaaca87,The word 'only' is used misleadingly to describe a higher mortality rate (1 in 5) compared to a lower rate (1 in 10).,Before modern medicine,"The second clinic is described with 'only one in 5' died versus 'every tenth' in the first, but one in 5 (20%) is higher than one in 10 (10%), so 'only' is contradictory.",Before modern medicine:11-12,,
r0a45293067,"The nginx configuration volume mounts to /tmp/default.conf but the nginx image expects configs in /etc/nginx/conf.d/, so it will not be used unless the custom start script copies it.",nginx-proxy,"The nginx configuration volume mounts to /tmp/default.conf but the nginx image expects configs in /etc/nginx/conf.d/, so it will not be used unless the custom start script copies it.",nginx-proxy,,
r118e2df077,"The `proxy` service depends on `api`, which does not exist (same as Issue 3). This will prevent the stack from starting.",services.proxy.depends_on,"proxy.depends_on names service `api`, which is not defined (the application service is named `backend`).",services.proxy.depends_on:39-39,,
rfb9184ff38,"Inner loop stops too early — range(i+1, length-1) excludes the last element",src/selsort.py:15-15,"The inner scan `range(i + 1, length - 1)` stops one element early, so the last element is never considered when searching for the minimum.",src/selsort.py:15-15,,
r5bac469401,"Backend and database are on different custom networks, preventing communication.",backend service and db service:7-18,"Backend and db services are on separate, unconnected networks.",services.backend.networks and services.db.networks:7-18,,
ra4c40840c7,"Docstring examples are inconsistent with actual behavior because the implementation produces infinite loops for those inputs, not the documented outputs.",src/search.py:11-14,"Docstring examples are inconsistent with actual behavior because the implementation produces infinite loops for those inputs, not the documented outputs.",src/search.py:11-14,,
r1e3c79a2f2,"Division by zero when the iterable is empty; `divmod(n, 0)` raises a `ZeroDivisionError`.",src/partition.py:26-26,"The arguments to `divmod` are swapped: `divmod(n, len(seq))` should be `divmod(len(seq), n)`, so q and r are computed from the wrong operands.",src/partition.py:26-26,,
rb1324ef491,"The function name and docstring describe rightmost insertion, but the code implements leftmost insertion, creating a contradiction.",src/search.py:4-9,"The midpoint comparison uses `x <= a[mid]`; a rightmost insertion point (per the docstring) requires `x < a[mid]`, so equal keys are routed into the left subrange rather than the right (bisect_left instead of bisect_right).",src/search.py:22-22,,
r3e23bae8d8,The Compose file begins with 'services:' without a 'version' declaration.,,"kibana.networks references `elk`, which is not declared under the top-level `networks` key (only `elastic` exists).",services.kibana.networks:45-45,,
r870199647f,"Backend and mongo are on different, disconnected networks.",services.backend.networks:17-18,"backend.networks references `mongo-net`, which is not declared under the top-level `networks` key (only `react-express` and `express-mongo` exist).",services.backend.networks:28-28,,
rab592a68ec,"The Pod's SECRET_USERNAME environment variable references a secretKeyRef with name 'app-secret', but no Secret named 'app-secret' is defined.",Pod:21-21,"The Pod's SECRET_USERNAME environment variable references a secretKeyRef with name 'app-secret', but no Secret named 'app-secret' is defined.",Pod:21-21,,
r842e597aa9,"Early-exit logic is broken because swapped flag is set based on reversed comparison - swapped becomes True when a correct pair is found, early exit not working correctly.",src/bubble.py:19-20,"The swap assigns each element to itself (`collection[j], collection[j + 1] = collection[j], collection[j + 1]`), so it is a no-op and never actually exchanges the two elements.",src/bubble.py:18-18,,
r8ddc852df5,The statement 'No other country comes close' contradicts the fact that Brazil has the same stated area as Russia.,Where the forests are,"Russia is stated to hold the largest share at over 800 million hectares, yet Brazil (the only OTHER country above 10%) is also given 'over 800 million hectares', which would tie or exceed the country said to be largest.",Where the forests are:11-12,,
r4ad0034107,lo = mid (instead of lo = mid + 1) causes infinite loop when lo and hi are adjacent.,src/search.py:25-25,"The else branch sets `lo = mid` instead of `lo = mid + 1`, so when `x` belongs to the right half the loop cannot make progress and never terminates.",src/search.py:25-25,,
r407ae8731d,Documentation examples incorrect: the docstring shows expected outputs that the current implementation does not produce due to the bugs.,src/dec2hex.py:12-17,"For negative inputs the value is multiplied by 1 (`decimal *= 1`) rather than -1, so it is never made positive and the while loop produces no digits.",src/dec2hex.py:24-24,,
r3280c25c88,"The arithmetic linking Japan’s life expectancy (close to 85 years) to Nigeria’s (30 years lower) yields 55 years, not the stated 65 years.",Still deeply unequal,"With Japan close to 85 and Nigeria thirty years lower, Nigeria should be around 55, but the text puts Nigeria at 'around 65 years'.",Still deeply unequal:10-11,,
r72e2e78042,"The artifact implies a drop in global life expectancy from 45 years around 1821 (two hundred years ago) to 32 years in 1900, which contradicts historical trends (life expectancy generally rose during the 19th century) and the overall theme of a “long climb.” Additionally, the 45-year figure for 1821 is likely a factual error (historical estimates place global life expectancy around 28–30 years in the early 1800s).",A long climb,"The global figure two hundred years ago is said to be 'less than half of today's' (today's is just over 70), yet it is then given as 'around 45 years', which is well over half of 70.",A long climb:5-6,,
rb301b08a48,"The reported percentage (75%) does not match the fraction 180/200, which is 90%.",Results,"The reported percentage (75%) does not match the fraction 180/200, which is 90%.",Results,,
r9f80ce1875,The stated decline of 0.7 percentage points in the deficit-to-GDP ratio is incorrect; the actual difference between 6.3% and 5.9% is 0.4 percentage points.,Relative to the economy,The stated decline of 0.7 percentage points in the deficit-to-GDP ratio is incorrect; the actual difference between 6.3% and 5.9% is 0.4 percentage points.,Relative to the economy,,
r27936cab09,"The text incorrectly states that the increase from ~1 billion to >8 billion is a 'fourfold increase', but it is actually an eightfold increase.",From one billion to eight,"The rise from about 1 billion (1800) to more than 8 billion (today) is called 'a fourfold increase', but 8 divided by 1 is an eightfold increase.",From one billion to eight:4-5,,
r07e8dd822d,Potential missing `envsubst` binary in nginx image,web.command:6,Missing envsubst tool in the nginx image causes command to fail.,web:12,,
raf49a23030,"DB command is a string, causing container startup failure",services.db.command,"backend.depends_on names `database`, but no service by that name is defined (the database service is named `db`).",services.backend.depends_on:30-30,,
r23fbcf7c12,The ordering of the range 'between one half and one-quarter' is non-standard and may cause confusion.,Who dies:8-9,"The range 'between one half and one-quarter' is reversed from conventional ordering, causing ambiguity.",Who dies,,
ra3e7ac970f,"Stale utilization value: The utilization method (line 23) returns len(self._events) / self.max_events without pruning outdated events, so it may include events that are outside the current sliding window if no new request triggers a cleanup.",src/window.py:23-23,"Stale utilization value: The utilization method (line 23) returns len(self._events) / self.max_events without pruning outdated events, so it may include events that are outside the current sliding window if no new request triggers a cleanup.",src/window.py:23-23,,
rb1a3913f51,Docstring examples are contradictory to the actual algorithm (lines 11–14).,src/search.py:11-14,Docstring examples are contradictory to the actual algorithm (lines 11–14).,src/search.py:11-14,,
rafaa2b83ac,"No handling of an empty iterable (line 26): if iterable is empty, len(seq) is 0 and divmod(n, 0) raises a ZeroDivisionError; the function should either reject an empty iterable or return n empty generators.",src/partition.py:26-26,"No handling of an empty iterable (line 26): if iterable is empty, len(seq) is 0 and divmod(n, 0) raises a ZeroDivisionError; the function should either reject an empty iterable or return n empty generators.",src/partition.py:26-26,,
r657e479de7,"Missing service targetPort leads to port mismatch: service port is 80 with no targetPort, defaulting to 80, but container listens on 8080.",Service spec.ports,"The container listens on `containerPort: 8080`, but the Service exposes port 80 with no targetPort (so it routes to pod port 80); the container port and the Service's target port do not match.",Deployment.spec.template.spec.containers.ports:19-19,,
rf944d501fa,"The percentages given (64% with safe water and 46% without) sum to 110%, which is impossible because the two groups are complementary and must total 100%.",The global picture,"The share without safe water is given as 'one in four, roughly 46%', but one in four is 25%, not 46%.",The global picture:5-5,,
rc8a85f2bc9,"The statement that 'over 60% of US adults were overweight or obese, leaving over 40% at a healthy weight or below' is inconsistent because if the first group exceeds 60%, the complement must be less than 40%, not over 40%.",A growing share,"The statement that 'over 60% of US adults were overweight or obese, leaving over 40% at a healthy weight or below' is inconsistent because if the first group exceeds 60%, the complement must be less than 40%, not over 40%.",A growing share,,
r7a3f7d80f4,The referenced ConfigMap key `SPECIAL_MODE` does not exist in the defined ConfigMap (`special-config`); the ConfigMap has keys `SPECIAL_LEVEL` and `SPECIAL_TYPE`.,Pod spec: env[0].valueFrom.configMapKeyRef.key,"The Pod references key SPECIAL_MODE from the ConfigMap, but the defined ConfigMap special-config has keys SPECIAL_LEVEL and SPECIAL_TYPE.","Pod spec, configMapKeyRef.key: SPECIAL_MODE",,
rac734071b2,"Kibana is placed on network elk (even if it were defined), while Elasticsearch and Logstash are on network elastic. They cannot communicate across different networks unless explicitly linked.",networks,"kibana.networks references `elk`, which is not declared under the top-level `networks` key (only `elastic` exists).",services.kibana.networks:45-45,,
r28a49836af,"Nginx configuration file mounted to /tmp/default.conf, which nginx does not read by default",services.nginx-proxy.volumes:6-6,"nginx-proxy.depends_on names service `flask`, but the application service is named `flask-app`; there is no service `flask`.",services.nginx-proxy.depends_on:12-12,,
raff8592f32,"The text incorrectly states a fourfold increase from 1 billion to more than 8 billion, which would require an eightfold increase.",From one billion to eight,"The rise from about 1 billion (1800) to more than 8 billion (today) is called 'a fourfold increase', but 8 divided by 1 is an eightfold increase.",From one billion to eight:4-5,,
re85c4ab1c9,"Constructor arguments swapped in `from_config` factory method (lines 25–27): passed `cfg[""window_seconds""]` as first argument and `cfg[""max_events""]` as second, but `__init__` expects `(max_events, window_seconds)`, completely inverting the intended configuration.",src/window.py:27-27,"`from_config` passes constructor arguments in the wrong order, swapping `max_events` and `window_seconds`.",src/window.py:27-27,,
r9175917ee5,The percentages for poverty lines (66% for less than $5 per day and 52% for less than $10 per day) are logically impossible because the set of people living on less than $10 per day must be at least as large as those living on less than $5 per day.,Higher poverty lines,The percentages for poverty lines (66% for less than $5 per day and 52% for less than $10 per day) are logically impossible because the set of people living on less than $10 per day must be at least as large as those living on less than $5 per day.,Higher poverty lines,,
r898e038b72,"Zero input is mishandled: the while loop condition 'while decimal > 0' skips when decimal == 0, leaving hexadecimal as an empty string, outputting '0x' instead of '0x0'.",src/dec2hex.py:25-25,"For negative inputs the value is multiplied by 1 (`decimal *= 1`) rather than -1, so it is never made positive and the while loop produces no digits.",src/dec2hex.py:24-24,,
r249b144581,Port conflict on host port 80 between backend and frontend.,services.backend.ports / services.frontend.ports,"frontend publishes host port 80 (`80:3000`), colliding with backend's host port 80 (`80:80`); two services cannot bind the same host port.",services.frontend.ports:52-52,,
r2d7bff7059,"The text states the top 1% alone accounted for ""more than 60% of the total,"" while earlier stating the top 5% accounted for ""almost half"" (≈50%); if the top 1% already exceeds 60%, the top 5% cannot be almost half.",A concentrated cost,"The text states the top 1% account for more than 60% of total spending while the top 5% account for almost half (≈50%), which is impossible because the top 1% is a subset of the top 5% so the top 5% share must be at least as large.",A concentrated cost,,
rf241705681,"The Elasticsearch health check uses curl, which may not be installed in the elasticsearch:7.16.1 image.",elasticsearch:12-12,"logstash.depends_on names service `search`, but no such service is defined (the search engine service is named `elasticsearch`).",services.logstash.depends_on:33-33,,
r415a2bd617,The claim that RAG-Sum will generalize to any clinical documentation task based on a single 200-note test set is an overstatement unsupported by evidence.,Discussion,The Discussion claims RAG-Sum 'will generalize to any clinical documentation task' from a single 200-note test set - an unsupported over-generalization.,Discussion:22-23,,
r2a6d2240a9,Non-subtractive branch subtracts instead of adding the numeral's value.,src/roman.py:24-24,"In the non-subtractive branch the running total is decremented (`total -= ...`) instead of incremented, so ordinary numerals accumulate negatively.",src/roman.py:24-24,,
r5b36332467,"The fraction 'one in four' (25%) contradicts the stated percentage 46%, and the total exceeds 100%.",## The global picture:6-7,"The fraction 'one in four' (25%) contradicts the stated percentage 46%, and the total exceeds 100%.",## The global picture:6-7,,
raba9788ba8,"The phrase 'between one half and one-quarter' reverses the natural ascending order, using unconventional and confusing wording.",Who dies,"The phrase 'between one half and one-quarter' reverses the natural ascending order, using unconventional and confusing wording.",Who dies,,
r0a20d4ab86,Inconsistent database name between backend and database services.,services.backend.environment.POSTGRES_DB and services.db.environment.POSTGRES_DB:5-17,Inconsistent database names between services.,"services.backend.environment, services.db.environment:5-17",,
r5ed1459c6b,"In ""The global picture"", the phrase ""just over half"" contradicts the given value of 74%. Half is 50%, so 74% is nearly three-quarters, not just over half.",The global picture,"The text describes 74% as 'just over half', but 74% is nearly three-quarters, not just over half.",The global picture,,
r7d8c4cfd8d,"The artifact gives two different 2021 life expectancy values—61 years and just over 70 years—without clarification, creating internal inconsistency.",Longer lives:2-4,"Global 2021 life expectancy (just over 70) is said to be 'more than twice' the value two centuries earlier, given as 'less than 45'; but twice 45 is 90, which exceeds 70, so 70 is not more than twice 45.",Longer lives:6-7,,
rb63d8641e9,"The health check curls localhost:8000, but inside the container the Gunicorn process listens on port 5000.",services.flask-app.healthcheck.test,"The flask-app runs gunicorn bound to 0.0.0.0:5000, but the service publishes port 8000 and its healthcheck probes 8000, so nothing is actually served on the exposed port.",services.flask-app.command:29-29,,
rf2b8a5b6f6,"Minus sign followed by a space (or other non‑digit character) is not rejected; input like ""- 101"" is treated as valid.",src/bin2dec.py:17-20,"When stripping the leading '-', the slice `bin_string[2:]` removes two characters instead of one, dropping the first binary digit of negative inputs.",src/bin2dec.py:19-19,,
r93380bdf75,"The text claims 'about four in five' are without safe sanitation, but if 40% use safe sanitation, then 60% (three in five) are without, not 80%.",The poorest countries,"The poorest-country coverage is given as 'one in five — roughly 40%', but one in five is 20%, not 40%.",The poorest countries:9-9,,
r1b0d609b67,"Division by zero in `utilization()` when `max_events` is zero, causing a `ZeroDivisionError`.",src/window.py:23-23,"Division by zero in `utilization()` when `max_events` is zero, causing a `ZeroDivisionError`.",src/window.py:23-23,,
r986e1a52ab,"The artifact states 'more than a 20-fold increase' from 2 million to 450 million tonnes, but the actual increase is 225-fold, which understates the magnitude by a factor of over 10.",A surge in production,The claim of 'more than a 20-fold increase' from 2 million tonnes to over 450 million tonnes is arithmetically incorrect; the actual increase is about 225-fold.,A surge in production,,
r08fb005e84,"Line 32 will raise a ZeroDivisionError if number is 0, requiring input validation.",src/to_roman.py:32-32,"The loop breaks when the remaining number is non-zero (`if number != 0`), so it stops after the first iteration; it should break once the number has been fully converted (`if number == 0`).",src/to_roman.py:34-34,,
r217db794ec,"The units in the France example are inconsistent: '58 more years' clearly refers to remaining life expectancy at age 15, while '83 years' could be total or remaining life expectancy, and under no consistent interpretation does the claimed increase of 35 years hold.",Not only about infants:11-12,"French 15-year-olds' life expectancy is said to rise from 58 to 83, 'an increase of 35 years', but 83 - 58 = 25 years.",Not only about infants:11-12,,
r5db37ea12f,"The vaccination coverage percentages are inconsistent: 'over 80%' covered implies less than 20% not covered, but the text says the remaining is 'nearly one in five — around 40%', which is a mathematical contradiction.",Coverage today,"The uncovered share is given as 'nearly one in five — around 40%', but one in five is 20%, not 40% (and 80% coverage leaves 20% uncovered).",Coverage today:5-5,,
r246eba41eb,The claimed reduction of more than 2.5 billion people living below $3 per day since 1990 is arithmetically impossible because the starting figure is 2.3 billion.,Extreme poverty,The claimed reduction of more than 2.5 billion people living below $3 per day since 1990 is arithmetically impossible because the starting figure is 2.3 billion.,Extreme poverty,,
r90759c69a5,Network isolation prevents frontend from reaching backend.,services.frontend.networks / services.backend.networks,"frontend.networks references `frontend-net`, which is not declared under the top-level `networks` key (only `public` and `private` exist).",services.frontend.networks:57-57,,
r323a344c9f,The reported percentages for diagnosis accuracy are arithmetically incorrect.,Results,"The Results section labels 180 of 200 as 75%, but 180/200 is 90%.",Results:16-17,,
r8347ef6d89,Missing input validation for the valid Roman numeral range (1–3999).,src/to_roman.py:20-36,"Each symbol is repeated `factor + 1` times instead of `factor`, appending one extra copy of every Roman symbol.",src/to_roman.py:33-33,,
r2f9caa9f79,"There is an implied inconsistency between Russia's and Brazil's forest areas: both are said to have 'over 800 million hectares', but Russia is also said to have two-fifths of the total, which would require 1.6 billion hectares, creating a contradiction.",Where the forests are:11-13,"There is an implied inconsistency between Russia's and Brazil's forest areas: both are said to have 'over 800 million hectares', but Russia is also said to have two-fifths of the total, which would require 1.6 billion hectares, creating a contradiction.",Where the forests are:11-13,,
r323772fd1e,No shared network between backend and database services.,"services.backend.networks, services.db.networks:8-17","The backend expects POSTGRES_DB=appdb, but the db service creates the database `example` (POSTGRES_DB=example), so the app targets a database that does not exist.",services.backend.environment:7-7,,
rc8b6f9406d,"Missing division by 2 for even-length data: line 24 divides by 1 instead of 2, returning sum instead of average.",src/stats.py:24-24,"For even-length data the two middle values are divided by 1 instead of 2, so the result is their sum rather than their average.",src/stats.py:24-24,,
r9815d1966f,Missing validation that exponent is an integer; non-integer types cause TypeError without a clear error message.,src/binexp.py,"The exponent is shifted right by 2 (`exponent >>= 2`) instead of 1, so it consumes two bits per iteration and skips half of them.",src/binexp.py:21-21,,
r155f056ea9,"Decrementing i when i=0 produces i=-1, and the recovery check only fixes i==0, not negative, leading to invalid accesses.",src/gnome.py:20-22,"The scan index starts at `0` instead of `1`, so the first comparison reads `lst[i - 1]` as `lst[-1]`, comparing the last element with the first.",src/gnome.py:14-14,,
red3945bc52,"Factually wrong explanation for deficit change: the claim that 'the increase in outlays was smaller than the increase in revenues' is false; outlays grew by $375 billion while revenues grew by $317 billion, so outlays increased more.",Receipts and outlays:11-12,"Outlays are said to have grown by '$375 billion', which exceeds the '$317 billion' revenue increase, directly contradicting the following sentence ('the increase in outlays was smaller than the increase in revenues') and the stated deficit decrease.",Receipts and outlays:11-11,,
r43f76a12be,"`range(1, number)` omits `number` itself; should be `range(1, number+1)` to include all factors.",src/factorial.py:15-15,"`range(1, number)` omits `number` itself; should be `range(1, number+1)` to include all factors.",src/factorial.py:15-15,,
ra88f1a6132,"The loop range(n) with initial list [0,1] produces list of length n+2, but expected n+1 numbers, so the loop runs one extra iteration.",src/fib.py:19-20,"The loop `for _ in range(n)` runs one iteration too many (the list already starts with two elements), producing more Fibonacci numbers than requested.",src/fib.py:19-19,,
r576a7217bf,The fraction 'about two-fifths' attributed to Russia's forest area does not match the stated area or the global total.,## Where the forests are:8-9,The fraction 'about two-fifths' attributed to Russia's forest area does not match the stated area or the global total.,## Where the forests are:8-9,,
rbc965cc449,`utilization` returns stale/overestimated values because it does not prune expired events before computing the fraction.,src/window.py:21-23,"`utilization` divides by `self.max_events` with no guard, raising ZeroDivisionError when `max_events == 0`.",src/window.py:23-23,,
r9d480f80c1,Database password mismatch: WordPress uses 'secret' but MariaDB user password is 'wordpress'.,wordpress service:18,Database password mismatch: WordPress uses 'secret' but MariaDB user password is 'wordpress'.,wordpress service:18,,
r771d757dae,"SECRET_USERNAME variable uses key 'user', but even if the Secret name were corrected to 'test-secret', that Secret has a key 'username', not 'user'.",Pod:22-22,"The environment variable SECRET_USERNAME references the key 'user', but the Secret test-secret defines a key 'username'.",secret-envars-test-pod:20-21,,
r2dd9a03bcd,"The percentage decrease in the deficit is miscalculated: $41 billion from $1,841 billion is about 2.23%, not 6%.",Overview:3-4,"The percentage decrease in the deficit is miscalculated: $41 billion from $1,841 billion is about 2.23%, not 6%.",Overview:3-4,,
rd51c99b66e,Misleading phrasing of percentages in the second paragraph.,Higher poverty lines,Misleading phrasing of percentages in the second paragraph.,Higher poverty lines,,
ra324729812,The fraction 'three-quarters' is inconsistent with the stated percentage 64%.,## The global picture:5-6,The fraction 'three-quarters' is inconsistent with the stated percentage 64%.,## The global picture:5-6,,
rc3e1c7ba28,"The loop for i in range(1, n): iterates only n-1 times, so the returned list contains exactly n-1 parts, missing the last part.",src/partition.py:30-30,"The loop `for i in range(1, n)` iterates one time too few, producing n-1 parts instead of n (the docstring shows `divide(2, ...)` must yield two parts).",src/partition.py:30-30,,
r6fbce6d9fe,"Comparison condition on line 16 uses >= instead of <=, inverting the correct order for ascending sort.",src/gnome.py:16,"Comparison condition on line 16 uses >= instead of <=, inverting the correct order for ascending sort.",src/gnome.py:16,,
rec73478c8b,"The documented examples show ascending sorted outputs, but the actual code does not produce those outputs.",src/selsort.py:7-10,"The inner comparison `collection[k] > collection[min_index]` selects the maximum of the remaining elements instead of the minimum, producing a descending sort; it should be `<`.",src/selsort.py:16-16,,
rf9c40fce6c,"Backend sets POSTGRES_DB=appdb, database container sets POSTGRES_DB=example; application likely expects appdb but database creates example, causing connection failure.","services.backend.environment, services.db.environment:7-20","The backend expects POSTGRES_DB=appdb, but the db service creates the database `example` (POSTGRES_DB=example), so the app targets a database that does not exist.",services.backend.environment:7-7,,
r9242a06526,Service name and StatefulSet name inconsistency (minor).,Service metadata.name and StatefulSet metadata.name,"The StatefulSet's serviceName is `web-svc`, but the headless Service that governs it is named `nginx`; there is no Service `web-svc`.",StatefulSet.spec.serviceName:20-20,,
r4e8fed7170,The text contradicts itself by saying less than half of the world's population lived in urban areas while also stating that the urban population overtook the rural population.,Crossing the halfway point,The text contradicts itself by stating both that less than half of the world's population lived in urban areas around 2007 and that the number of people in cities overtook the number in the countryside.,Crossing the halfway point,,
re816b51210,"The nginx image does not include envsubst, so the command using envsubst will fail.",web:8-8,"The web proxy targets FLASK_SERVER_ADDR=backend:8080, but the backend serves on FLASK_SERVER_PORT=9091, so the proxy points at the wrong port.",services.web.environment:7-7,,
rf246ddddd3,The second paragraph contains an inconsistency between the reported literacy rate and the implied illiteracy rate: it says 'More than 95% … have basic literacy skills' and then 'meaning fewer than 15% cannot read a simple sentence'.,Second paragraph,The second paragraph contains an inconsistency between the reported literacy rate and the implied illiteracy rate: it says 'More than 95% … have basic literacy skills' and then 'meaning fewer than 15% cannot read a simple sentence'.,Second paragraph,,
r5ad077e129,"The inner loop range(i-1) stops at i-2, missing the last pair comparison in each pass.",src/bubble.py:13-15,"The inner loop range(i-1) stops at i-2, missing the last pair comparison in each pass.",src/bubble.py:13-15,,
r79e1b05b32,"The backend service is attached to the `react-express` network (and the undeclared `mongo-net`), while the mongo service is attached only to the `express-mongo` network. Because these are two separate networks with no shared bridge, the backend has no network path to reach mongo on port 27017, which is required for the application to function.",services.backend.networks and services.mongo.networks,"backend.networks references `mongo-net`, which is not declared under the top-level `networks` key (only `react-express` and `express-mongo` exist).",services.backend.networks:28-28,,
rdf4a4e68a3,Docstring examples are inconsistent with the implementation.,src/dec2hex.py:12-17,Docstring examples are inconsistent with the implementation.,src/dec2hex.py:12-17,,
r2a8d5c5a66,"Line 21 uses exponent >>= 2 (shift by two bits) instead of exponent >>= 1 (shift by one bit), causing bits to be skipped and the exponent to be exhausted prematurely.",src/binexp.py:21-21,"The exponent is shifted right by 2 (`exponent >>= 2`) instead of 1, so it consumes two bits per iteration and skips half of them.",src/binexp.py:21-21,,
r3bf568587a,StorageClass 'manual' may not exist; no StorageClass or PersistentVolume with that class is defined in the artifact.,PersistentVolumeClaim:8-8,"The Pod is in namespace `production`, but the PVC it claims is in namespace `default`; PVCs are namespace-scoped, so a Pod can only bind a PVC in its own namespace.",Pod.metadata.namespace:18-18,,
rdf104becf3,"Gitea uses DB_USER=admin while PostgreSQL defines POSTGRES_USER=gitea, causing authentication failure.",services.gitea.environment,"The Gitea service uses DB_USER=admin, while the PostgreSQL service creates a user gitea, causing Gitea authentication to fail.",,,
r62d7aab5e3,"No guard exists for an empty input sequence; if iterable is empty, len(seq) equals 0, triggering a ZeroDivisionError on line 26.",src/partition.py:26-26,"The input guard is `n < 0`, so `n == 0` is accepted despite the raised message ('n must be at least 1') and docstring requiring n >= 1; the correct guard is `n < 1`.",src/partition.py:16-16,,
re65d4c8621,Docstring examples contradict the implementation.,src/collatz.py:7-10,Docstring examples contradict the implementation.,src/collatz.py:7-10,,
re786065d39,"Division by zero when `max_events` is zero in `utilization`, and also `allow` incorrectly allows requests when limit is zero.",src/window.py:16-23,"`utilization` divides by `self.max_events` with no guard, raising ZeroDivisionError when `max_events == 0`.",src/window.py:23-23,,
r0f250da55d,The frontend service depends on a service named 'api' which does not exist in the artifact.,frontend:10-11,The frontend service depends on a service named 'api' which does not exist in the artifact.,frontend:10-11,,
r7580e4c4eb,The docstring examples (lines 7–10) do not reflect the actual code's behavior; they show correct ascending sorts but the buggy code will not produce those outputs.,src/selsort.py:7-10,The docstring examples (lines 7–10) do not reflect the actual code's behavior; they show correct ascending sorts but the buggy code will not produce those outputs.,src/selsort.py:7-10,,
rf4617292bf,"The Pod’s volume definition references `claimName: pv-claim`, but the only PVC defined in the artifact is named `task-pv-claim`. This will cause the Pod to fail scheduling because the referenced PVC does not exist.",Pod:24,"The Pod volume's persistentVolumeClaim.claimName is `pv-claim`, but the PVC defined in this manifest is named `task-pv-claim`.",Pod.spec.volumes.persistentVolumeClaim:23-23,,
rdc79dd9a97,Frontend depends on a nonexistent service 'api' which is not defined.,services.frontend.depends_on,Frontend depends on undefined service `api`,frontend.depends_on:9,,
r908abf6850,"The command overrides the default CMD of the mariadb image, causing a startup failure.",services.db:7-7,"backend publishes host port 80 (`80:8000`), colliding with proxy's host port 80 (`80:80`); two services cannot bind the same host port.",services.backend.ports:34-34,,
r1c27468089,Database name mismatch: Gitea uses DB_NAME=giteadb but PostgreSQL container uses POSTGRES_DB=gitea.,gitea:4-15,"DB_NAME is `giteadb`, but the database created by the db service is `gitea` (POSTGRES_DB=gitea), so Gitea targets a database that does not exist.",services.gitea.environment:7-7,,
rcb3de6b6e2,"Autoscale target CPU percent is 130, which is outside the allowed range [1, 100].",autoscale.target_cpu_percent:14,"autoscale.target_cpu_percent is 130, outside the allowed range [1, 100].",autoscale.target_cpu_percent:16-16,,
ra5935f1145,The volume mount of ./nginx/default.conf to /tmp/default.conf does not affect Nginx configuration because config files are read from /etc/nginx/ directories.,nginx-proxy.volumes:5,The volume mount of ./nginx/default.conf to /tmp/default.conf does not affect Nginx configuration because config files are read from /etc/nginx/ directories.,nginx-proxy.volumes:5,,
r4aa5f02a7d,"The phrase 'between one half and one-quarter' in the second paragraph describes the range of child mortality in a descending order, which is unconventional and could mislead readers into thinking the lower bound is larger than the upper bound.",Who dies,"Children are said to account for 'between one half and one-quarter' of famine deaths, but one-quarter is less than one half, so the range is stated backwards (the upper bound is below the lower bound).",Who dies:10-11,,
r65f7f05089,"The utilization method on line 23 divides len(self._events) by self.max_events with no guard against self.max_events being zero, which would raise a ZeroDivisionError.",src/window.py:23-23,"The utilization method on line 23 divides len(self._events) by self.max_events with no guard against self.max_events being zero, which would raise a ZeroDivisionError.",src/window.py:23-23,,
re396d506a1,"The text gives two conflicting life expectancy values for 2021: 61 years and just over 70 years, without explanation.",Longer lives:4-6,"The text gives two conflicting life expectancy values for 2021: 61 years and just over 70 years, without explanation.",Longer lives:4-6,,
rbd289dc6a7,For an odd number of elements the function returns `data[n // 2 - 1]` instead of the correct middle element `data[n // 2]`.,src/stats.py:21-21,"For odd-length data the function returns `data[n // 2 - 1]`, which is one position left of the true middle element (`data[n // 2]`).",src/stats.py:21-21,,
rf33271693c,"The nginx configuration file is mounted at /tmp/default.conf, but nginx normally loads configuration from /etc/nginx/.",services.nginx-proxy.volumes,"nginx-proxy.depends_on names service `flask`, but the application service is named `flask-app`; there is no service `flask`.",services.nginx-proxy.depends_on:12-12,,
r9d0ec09d0b,"In the 'Crossing the halfway point' section, the statement that 'less than half of the world's population lived in urban areas' around 2007 contradicts the claim that 'the number of people in cities overtook the number in the countryside' because if less than half lived in urban areas, rural population would be greater than half, so urban could not have overtaken rural.",Crossing the halfway point,"The claim that in 2007 'less than half of the world's population lived in urban areas' contradicts the statement that urban population 'overtook' the rural population, because if urban overtook rural then urban must be more than half.",Crossing the halfway point,,
r82abd26d26,"Reported growth rates are inconsistent with the stated deficit: if revenues rose 6% ($317B) and outlays 4% ($375B), the implied deficit would be about $4.15 trillion, far larger than the reported $1.8 trillion.",Receipts and outlays:7-9,"Outlays are said to have grown by '$375 billion', which exceeds the '$317 billion' revenue increase, directly contradicting the following sentence ('the increase in outlays was smaller than the increase in revenues') and the stated deficit decrease.",Receipts and outlays:11-11,,
r05212338f4,"Condition checks for the wrong bit value: on line 18, the code increments result when the least significant bit is 0, but counting set bits requires incrementing when the bit is 1.",src/popcount.py:18-18,"Condition checks for the wrong bit value: on line 18, the code increments result when the least significant bit is 0, but counting set bits requires incrementing when the bit is 1.",src/popcount.py:18-18,,
r8f56d1e86f,Docstring example is inconsistent with implementation because the algorithm can never return len(a).,src/search.py:13-14,Docstring example is inconsistent with implementation because the algorithm can never return len(a).,src/search.py:13-14,,
r96e2e10e32,PVC name mismatch: Pod's persistentVolumeClaim references 'pv-claim' but the only defined PVC is named 'task-pv-claim'.,Pod spec -> volumes[0].persistentVolumeClaim.claimName,"The Pod volume's persistentVolumeClaim.claimName is `pv-claim`, but the PVC defined in this manifest is named `task-pv-claim`.",Pod.spec.volumes.persistentVolumeClaim:23-23,,
rf89cb67653,"The loop range excludes the last element, so it is never processed.",src/insort.py:12-12,"The outer loop `range(1, len(collection) - 1)` stops before the last element, so the final element is never inserted and the list is left partially unsorted.",src/insort.py:12-12,,
r3421c68f9a,n = 0 is not rejected; the function allows n=0 which is logically invalid and results in an empty return list.,src/partition.py:16-16,"The input guard is `n < 0`, so `n == 0` is accepted despite the raised message ('n must be at least 1') and docstring requiring n >= 1; the correct guard is `n < 1`.",src/partition.py:16-16,,
r8236b1f9ab,nginx configuration volume target is unlikely to be used (mounted to /tmp/default.conf instead of standard nginx config directory),nginx-proxy:6-6,"nginx-proxy.depends_on names service `flask`, but the application service is named `flask-app`; there is no service `flask`.",services.nginx-proxy.depends_on:12-12,,
rfe8c1295ee,Database name mismatch: MYSQL_DATABASE is 'wordpress' but WORDPRESS_DB_NAME is 'wp'.,MYSQL_DATABASE / WORDPRESS_DB_NAME:11-20,"WORDPRESS_DB_NAME is `wp`, but the database created by the db service is `wordpress` (MYSQL_DATABASE=wordpress), so WordPress targets a database that does not exist.",services.wordpress.environment:28-28,,
r389ecb4b5b,"Services placed on separate networks, preventing communication.","services.backend.networks, services.db.networks:7-15","The backend joins network `springnet`, which is not declared under the top-level `networks` key (only `spring-postgres` exists).",services.backend.networks:9-9,,
rc63cf5b395,"The `backend` service's `secrets` list references a secret that is not defined (`db-secret`), while the only defined secret is `db-password`.",services.backend.secrets,"backend.secrets references `db-secret`, which is not defined under the top-level `secrets` key (only `db-password` exists there).",services.backend.secrets:7-7,,
rb0368afbeb,"The condition n < 0 allows n = 0 to pass, causing an infinite loop; should be n <= 0.",src/collatz.py:12-12,"The input guard uses `n < 0`, so `n == 0` is accepted even though the sequence is only defined for positive integers (0 then loops forever).",src/collatz.py:12-12,,
r2226431a3c,Internal contradiction between the first and second sentences of 'A growing share'.,A growing share,"The global overweight/obese share is given as 'two-fifths — about 20%', but two-fifths is 40%, not 20%.",A global problem:9-9,,
r9103e7d0bd,"The backend service depends on db, but db is not defined in the services block.",backend:22-23,"backend.depends_on names service `db`, but the database service is named `mongo`; there is no service `db`.",services.backend.depends_on:23-23,,
r77af0d6462,The stated percentage decrease in the deficit is inconsistent with the absolute decrease.,Overview:3-5,"The deficit is said to have decreased by '$41 billion (or 6 percent)', but $41 billion is about 2 percent of the ~$1.8 trillion deficit, not 6 percent.",Overview:5-5,,
rcf2579f889,Build `args` format is invalid,services.backend.build.args:4,"backend.depends_on names `database`, but no service by that name is defined (the database service is named `db`).",services.backend.depends_on:30-30,,
rbf44bc4daf,Function does not satisfy its documented contract due to the combination of Issues 1–3.,src/search.py:4-26,"The else branch sets `lo = mid` instead of `lo = mid + 1`, so when `x` belongs to the right half the loop cannot make progress and never terminates.",src/search.py:25-25,,
r2aa1ad5410,"The bind mount ./logstash/nginx.log:/home/nginx.log mounts a single host file. If that file does not exist, Docker will create a directory at /home/nginx.log inside the container, which may break Logstash.",logstash,"logstash.depends_on names service `search`, but no such service is defined (the search engine service is named `elasticsearch`).",services.logstash.depends_on:33-33,,
r769cf59b82,"Incorrect increment condition and value: the if number % 2 == 0 branch adds 2 when the least‑significant bit is 0, but should add 1 for each set bit, counting zero bits instead of one bits.",src/popcount.py:18-19,"Incorrect increment condition and value: the if number % 2 == 0 branch adds 2 when the least‑significant bit is 0, but should add 1 for each set bit, counting zero bits instead of one bits.",src/popcount.py:18-19,,
r2ae08c2889,"The loop condition `while n > 1:` on line 18 is wrong; it should be `while n > 0:` because the current condition stops prematurely when n becomes 1, skipping the most significant digit for many inputs and returning 0 for n=1.",src/digits.py:18-18,"The loop condition is `while n > 1`, which stops before processing the final (most significant) digit; it should be `while n > 0`.",src/digits.py:18-18,,
r422ba4abfb,Unclear target stage usage in backend build,backend.build and backend.volumes:11-15,Unclear target stage usage in backend build,backend.build and backend.volumes:11-15,,
rad668ccea6,"Loop creates only n‑1 parts, missing the last part because the final slice is not appended.",src/partition.py:30-33,"The loop `for i in range(1, n)` iterates one time too few, producing n-1 parts instead of n (the docstring shows `divide(2, ...)` must yield two parts).",src/partition.py:30-30,,
rda95c9fee5,Database name mismatch: Nextcloud uses POSTGRES_DB=cloud but the database server only creates a database named 'nextcloud'.,services.nc.environment.POSTGRES_DB and services.db.environment.POSTGRES_DB:7-16,"The nc app's POSTGRES_DB is `cloud`, but the db service creates database `nextcloud`, so the app targets a database that does not exist.",services.nc.environment:7-7,,
r2ad1eaf522,"The rise from below 1% to above 2% GDP between 1880 and 1970 is described as a 'more than tenfold rise', but the actual maximum ratio is about 2, not 10.",## The rise of public spending,"The rise from below 1% to above 2% GDP between 1880 and 1970 is described as a 'more than tenfold rise', but the actual maximum ratio is about 2, not 10.",## The rise of public spending,,
ra07035a26a,Docstring description contradicts examples.,src/fib.py:5-13,"The loop `for _ in range(n)` runs one iteration too many (the list already starts with two elements), producing more Fibonacci numbers than requested.",src/fib.py:19-19,,
r236e263cdb,"Loop range excludes the input number, missing the factor number in the product.",src/factorial.py:15-15,"Loop range excludes the input number, missing the factor number in the product.",src/factorial.py:15-15,,
ra70840c006,Missing handling for the input value zero.,src/dec2hex.py:25-28,Missing handling for the input value zero.,src/dec2hex.py:25-28,,
rf2d1c721d4,Incorrect annual average in 'The lives saved': 154 million deaths over fifty years does not equal 8 million per year.,The lives saved:8-9,"154 million deaths prevented over fifty years is called 'an average of roughly 8 million lives saved every year', but 154 / 50 is about 3 million per year.",The lives saved:9-10,,
rb1b200af36,Digit order is reversed: appending remainder to the right makes least-significant digit leftmost.,src/dec2hex.py:27-27,Digit order is reversed: appending remainder to the right makes least-significant digit leftmost.,src/dec2hex.py:27-27,,
reed935ae3b,"The fractions do not sum to 1: renewables are claimed as 1/7 and the remaining as 2/7, but 1/7 + 2/7 = 3/7, leaving 4/7 unaccounted for.","Renewables in the global energy system, A small but growing share","The share without renewables is given as 'the remaining two-sevenths', but if one-seventh is renewable the remainder must be six-sevenths, not two-sevenths.",A small but growing share:4-5,,
radeb31b2e9,"Healthchecks assume curl is available, but minimal Docker images may not have it",healthcheck tests:14-25,"The proxy targets FLASK_SERVER_ADDR=flask-app:9000, but the flask-app service publishes port 8000, so the proxy points at the wrong port.",services.nginx-proxy.environment:8-8,,
rf1fa03cc62,"The backend service specifies build target builder, likely intended for development; for deployment, the target should be the final runtime stage.",backend,"The backend service specifies build target builder, likely intended for development; for deployment, the target should be the final runtime stage.",backend,,
r963af06bfc,"The backend service sets DATABASE_PASSWORD to the literal path /run/secrets/db-password instead of the secret’s content, while the db service correctly uses MYSQL_ROOT_PASSWORD_FILE to read from the file.",backend:12-12,"The backend service sets DATABASE_PASSWORD to the literal path /run/secrets/db-password instead of the secret’s content, while the db service correctly uses MYSQL_ROOT_PASSWORD_FILE to read from the file.",backend:12-12,,
r86fe883d65,"The web service targets backend:8080 but the backend service sets FLASK_SERVER_PORT=9091, causing a port mismatch.",,"The web proxy targets FLASK_SERVER_ADDR=backend:8080, but the backend serves on FLASK_SERVER_PORT=9091, so the proxy points at the wrong port.",services.web.environment:7-7,,
r75dc641050,The claim that production is now 'more than a 20-fold increase' from 2 million tonnes is incorrect because 450 million tonnes is a 225-fold increase.,A surge in production,"The rise from 2 million to over 450 million tonnes is called 'more than a 20-fold increase', but 450 divided by 2 is about 225 — more than a 200-fold increase.",A surge in production:4-5,,
ref9a7c6f59,`frontend` service `depends_on` references non-existent service `api`.,services.frontend.depends_on,Backend depends on undefined service `db`,backend.depends_on:20,,
r3d03706819,"The even‑branch operation on line 17 divides by 3 (n //= 3) instead of the correct Collatz operation, which is division by 2.",src/collatz.py:17,"The even‑branch operation on line 17 divides by 3 (n //= 3) instead of the correct Collatz operation, which is division by 2.",src/collatz.py:17,,
r8c217ff90f,Prometheus config file path mismatch.,services.prometheus:5-11,"The prometheus config directory is mounted at `/config`, but the command loads the config from `/etc/prometheus/prometheus.yml`, so the config file will not be found at the path the command expects.",services.prometheus.volumes:11-11,,
r50d636ac23,Mismatched database credentials between Nextcloud and PostgreSQL services.,services,Mismatched database credentials between Nextcloud and PostgreSQL services.,services,,
r7c9930b7ed,"Comparison operator in limit check is wrong: uses `>` instead of `>=`, allowing one extra event beyond the limit before rejecting.",src/window.py:16-16,"Comparison operator in limit check is wrong: uses `>` instead of `>=`, allowing one extra event beyond the limit before rejecting.",src/window.py:16-16,,
rdf9c099af1,"The artifact gives two different values for life expectancy in 2021: 61 years (from the first sentence, apparently not global) and “just over 70 years” (stated as global). No clarification is provided for which region or population the first value applies to, and the numbers are inconsistent.",Paragraph 1,"Global 2021 life expectancy (just over 70) is said to be 'more than twice' the value two centuries earlier, given as 'less than 45'; but twice 45 is 90, which exceeds 70, so 70 is not more than twice 45.",Longer lives:6-7,,
r33262a4d58,"Violation of documented examples: the implementation does not produce the outputs promised in the docstring; count_set_bits(25) should be 3 but returns 2, count_set_bits(256) should be 1 but returns 8.",src/popcount.py:7-12,"Violation of documented examples: the implementation does not produce the outputs promised in the docstring; count_set_bits(25) should be 3 but returns 2, count_set_bits(256) should be 1 but returns 8.",src/popcount.py:7-12,,
re5ddc538df,"Line 18 uses `exponent & 2` instead of `exponent & 1`, checking the second least significant bit and ignoring the least significant bit, causing incorrect results.",src/binexp.py:18-18,"Line 18 uses `exponent & 2` instead of `exponent & 1`, checking the second least significant bit and ignoring the least significant bit, causing incorrect results.",src/binexp.py:18-18,,
r5d0cffe858,"The statement res += n // 10 adds the floor‑division result, which is the number formed by all digits except the last, instead of adding the last digit itself.",src/digits.py:19-19,"The digit is extracted with integer division (`n // 10`) instead of the remainder (`n % 10`), so it adds the truncated quotient rather than the last digit.",src/digits.py:19-19,,
r1d39d22f4d,"Backend service provides no database credentials (user or password) for connecting to the PostgreSQL instance, even though the db service requires a password via a secret.",services.backend.environment:4-5,"Backend service provides no database credentials (user or password) for connecting to the PostgreSQL instance, even though the db service requires a password via a secret.",services.backend.environment:4-5,,
r4bd7750380,"After 45% cities and 35% towns, the remainder should be 20%, not 40%. The phrase 'the remaining 40% live in villages' is miscalculated.",A finer breakdown,"The breakdown gives 45% cities, 35% towns, and 40% villages, which sums to 120% rather than 100%.",A finer breakdown:10-11,,
rf43c4cc5c3,Docstring examples contradict actual code; example factorial(6) returns 720 but code returns 16.,src/factorial.py:7-10,"The negative guard is `number < -1`, so `-1` is accepted even though factorial is undefined for negative values; it should be `number < 0`.",src/factorial.py:12-12,,
r302a7a1362,Condition for extra‑size parts is inverted (line 32): the condition i >= r should be i <= r (or i < r after fixing to 0‑based indexing) to give the first r parts one extra element.,src/partition.py:32-32,Condition for extra‑size parts is inverted (line 32): the condition i >= r should be i <= r (or i < r after fixing to 0‑based indexing) to give the first r parts one extra element.,src/partition.py:32-32,,
